title,source_url,r2_key,verdict,evidence
2021 Federal Platform Analysis on Basic Income,https://basicincomealberta.ca/wp-content/uploads/2021/09/2021-Federal-Platform-Analysis-on-Basic-Income.pdf,sources/d5/d54b172f189613669347a7dd05d7daafb1c98e1ac0148cc3360a8527416b3caf.pdf,HOLD,no clear license statement
"A Better Way to Grow?: Town Planning Schemes as a Hybrid Land Readjustment Process in Ahmedabad, India",https://www.lincolninst.edu/app/uploads/legacy-files/pubfiles/2180_1505_LP2011_ch07_Town_Planning_Schemes_as_Hybrid_Land_Readjustment_Process_In_India_0.pdf,sources/3c/3ccd14d1023c65edcb19d5e9a129a42ba32d0735277807820b990e07de155b76.pdf,HOLD,all rights reserved
"A Critical View of Land Value Taxation as a Progressive Strategy for Urban Revitalization, Rational Land Use, and Tax Re",https://gwern.net/doc/economics/georgism/1994-wyatt.pdf,sources/a7/a7ddb4ef2b3ba400b2686cf3cc7febe72b3a64f7ab69cfaa974cb426c9d3e14a.pdf,HOLD,all rights reserved
A Firm-Level Perspective on the Role of Rents in the Rise in Inequality (2015 conference PDF),https://obamawhitehouse.archives.gov/sites/default/files/page/files/20151016_firm_level_perspective_on_role_of_rents_in_inequality.pdf,sources/44/44e6d24406b8453306229c1c868be8d416998bbaf307d54534410a82ad7c431b.pdf,HOLD,"co-author Peter Orszag was Vice Chairman at Citi (private, non-federal) at time of writing; personal academic paper, not an official CEA work product despite whitehouse.gov host"
A History of the Theory of Land-Value Taxation,https://cooperative-individualism.org/dwyer-terence_a-history-of-the-theory-of-land-value-taxation-1980-may-01.pdf,sources/f6/f6c9518dd3478ee48fdcf4312ce5ef0218d5ee7a23dee44d59bfd616d78a9169.pdf,HOLD,no clear license statement
A Nation of Gamblers: Real Estate Speculation and American History (NBER WP 18825),https://www.nber.org/system/files/working_papers/w18825/w18825.pdf,sources/0e/0e1353b2659b2819bee37bd87b1b0e5ed0d0310f015a2c4d321fe766014fbddf.pdf,HOLD,all rights reserved
A Note on Piketty and Diminishing Returns to Capital,https://gabriel-zucman.eu/files/teaching/Rognlie14.pdf,sources/f2/f219beb7de408e713256179d4d13caa97d88aa4526cd0205f2bf761c749a0765.pdf,HOLD,no clear license statement
A systematic framework of location value taxes reveals dismal policy design in most European countries,https://api-depositonce.tu-berlin.de/server/api/core/bitstreams/0a276986-8274-4b7f-8ba0-a1f0ecc60598/content,sources/3e/3ee57320e6d77552c732164d42436e5123519056a99e6ca7a645cb8ac327d060.pdf,HOLD,no clear license statement
A Tax on Land Value Is Neutral,https://cooperative-individualism.org/tideman-t-nicolaus_a-tax-on-land-value-is-neutral-1982-mar.pdf,sources/39/39cc9dbf3cc9cef599a32513328e85f34a858271bd8b0f98deaf1d430ad03270.pdf,HOLD,no clear license statement
A Tax-Based Solution to Canada's Housing Crisis (Smith Family Scholarship essay),https://newsletter.economics.utoronto.ca/wp-content/uploads/Elliott-Gale-Wagner-_-1010124688-_-Smith-Family-Scholarship-in-Economic-Policy-_-A-Tax-Based-Solution-to-Canadas-Housing-Crisis-2.pdf,sources/b4/b4281aed3c298410c746cbbec82fa08fd2975170fb302b929ab693cb2c972bf4.pdf,HOLD,no clear license statement
Advance Market Commitments: Insights from Theory and Experience,https://www.nber.org/system/files/working_papers/w26775/w26775.pdf,sources/e1/e12464834943aa53324612d56f2c9dd314aa71249000361fe75beb44aaf570ae.pdf,HOLD,all rights reserved
After the Crash: Designing a Depression-Free Economy,https://cooperative-individualism.org/gaffney-mason_the-role-of-land-markets-in-economic-crises-2009-oct.pdf,sources/23/23b7aaa5591f4e988a04fc4b22396eae78f9a9afffe4f8909558555804512384.pdf,HOLD,no clear license statement
"Aggregate Land Rents, Expenditure on Public Goods, and Optimal City Size",https://cooperative-individualism.org/arnott-richard-and-joseph-stiglitz_aggregate-land-rents-1979-nov.pdf,sources/ea/ea7ffb7cea6e3c9a64605b4991d92c24f2dcefe411d1daa7d9e6425e1da71f9f.pdf,HOLD,no clear license statement
Allowances for Corporate Equity in Practice,https://www.imf.org/external/pubs/ft/wp/2006/wp06259.pdf,sources/f7/f7e8729f2770a0e450e4a76072cc8c6051ac51fa46b9090dac87387d17037e7b.pdf,HOLD,no clear license statement
America's Rental Housing 2024,https://www.jchs.harvard.edu/sites/default/files/reports/files/Harvard_JCHS_Americas_Rental_Housing_2024.pdf,sources/31/31b15deb786f74a510d2cd92328732aaeffba140578e368ac3239542391492e1.pdf,HOLD,no clear license statement
American A.I. Sovereign Wealth Fund Act — Bill Summary,https://www.sanders.senate.gov/wp-content/uploads/AmericanAISovereignWealthFundActSummary.pdf,sources/55/55652359bf9e8aec2196b1747f9eaed3d13404fb12b74e954fa49642a061d60b.pdf,VERIFIED-PROMOTE,"genuine Senate staff bill summary on sanders.senate.gov, no named individual/private author; US federal (legislative branch) work, 17 USC 105"
An African Success Story: Botswana,https://economics.mit.edu/sites/default/files/publications/An%20African%20Success%20Story%20Botswana.pdf,sources/8a/8a0d0abc1722558e23192b0d14bfa6862f63db474d458f309339ebb96923023b.pdf,HOLD,no clear license statement
"An Entrepreneurial Critique of Georgism (RAE 26:4, author copy)",https://econfaculty.gmu.edu/bcaplan/georgism.pdf,sources/b0/b054f2e574f72241e120e3bf12345f10a5ce0e70e2d15493b8fa9a50bb031e7a.pdf,HOLD,no clear license statement
An Essay on the Co-ordination of the Laws of Distribution,https://www.hetwebsite.net/het/texts/wicksteed/wicksteed1894essay.pdf,sources/06/06bf88f455791f5bb7724b41078f0d7d9c8028384169acf2e88216d1ddbd659e.pdf,VERIFIED-PROMOTE,"PD-STATED: hetwebsite.net states 'the content of this essay is in the public domain'; essay itself is 1894 (pre-1931); included 1932 LSE foreword/corrections are minor front matter, not substantive new work"
Analysis of Council Rating Policies (for NZ Productivity Commission),https://www.treasury.govt.nz/sites/default/files/2024-05/pc-inq-lgff-insight-economics-analysis-of-council-rating-policies.pdf,sources/f7/f70e0d6f9c4b2beacfccac1b088ce3f3a80e0658b432b7b108e67af98141e829.pdf,HOLD,"explicit notice on p.2: '© Insight Economics Ltd, 2019. All rights reserved.' — authored by private consultancy, not NZ Treasury/Productivity Commission; not CC-licensed despite treasury.govt.nz host"
Are Millennials Different?,https://www.federalreserve.gov/econres/feds/files/2018080pap.pdf,sources/67/674bb5c4f05483561dcf6760584d4de779c1c63007638c46c42ef6bf0e4a0095.pdf,VERIFIED-PROMOTE,"confirmed Federal Reserve BOARD staff paper (Finance and Economics Discussion Series, Divisions of Research & Statistics and Monetary Affairs, Washington D.C.), not a regional Fed bank; US federal work"
Artificial Intelligence and Its Implications for Income Distribution and Unemployment,https://www.nber.org/system/files/working_papers/w24174/w24174.pdf,sources/ae/aeddf962b5c488cae68b7d48cef964de22379c78e75579c5793f0df71d5e9f40.pdf,HOLD,all rights reserved
Automation Across the Nation: Understanding the Potential Impacts of Technological Trends across Canada,https://dais.ca/wp-content/uploads/2023/10/RP_BrookfieldInstitute_Automation-Across-the-Nation-1.pdf,sources/5b/5b79a365af84747daf684d404971728fb7e58c20f1e4c59943120c8e59f46ec4.pdf,HOLD,no clear license statement
"Automation, Bargaining Power, and Labor Market Fluctuations (FRBSF WP 2019-17, rev. 2023)",https://www.frbsf.org/economic-research/files/wp2019-17.pdf,sources/8f/8f222e03323d7cbc2c982b5132e69e427942d9426e0f4f7a41f2dd3b4b6877b8.pdf,HOLD,no clear license statement
Benefits of Competition and Indicators of Market Power,https://obamawhitehouse.archives.gov/sites/default/files/page/files/20160414_cea_competition_issue_brief.pdf,sources/6d/6dbe7aa9b1d43c93984b83664dcf3000ba4f239293a55d20007d9d2e83a40bed.pdf,VERIFIED-PROMOTE,"Council of Economic Advisers Issue Brief, April 2016, no named individual/private co-author; genuine executive branch (CEA) work product on obamawhitehouse.archives.gov"
"Betterment Levy in Colombia: Relevance, Procedures, and Social Acceptability",https://www.lincolninst.edu/app/uploads/2024/04/1899_1213_LLA110404.pdf,sources/93/93786f246fcae17ff4c39018689a6c8a2caa84ef1b56f5dc4cafef99dd90ebc9.pdf,HOLD,no clear license statement
Blaug: Edging Toward Full Appreciation (Critics of Henry George 2nd ed.),http://www.mcleveland.org/publications/Mark_Blaug.CV.pdf,sources/86/86224972607cae061e84db79825975d9f4929cb34dffc4657b122c338118c100.pdf,HOLD,no clear license statement
Building Tax Capacity for Growth and Development: Evidence-Based Analysis for Mobilizing Domestic Revenue (IMF DP 2025/0,https://www.imf.org/-/media/files/publications/dp/2025/english/btcgdea.pdf,sources/00/009077be35f8ac722ccfd1e1d365566cb380687eac0e57e45367f8201eea76ed.pdf,HOLD,no clear license statement
Can Leasing Public Land Be an Alternative Source of Local Public Finance?,https://www.lincolninst.edu/app/uploads/legacy-files/pubfiles/145_hong96web.pdf,sources/0b/0b371570438b78a01445fa9c97972a22f9e48a4a0bac09fd0e417ebe7a34a8ce.pdf,HOLD,no clear license statement
Canberra in Crisis: A History of Land Tenure and Leasehold Administration,https://www.cooperative-individualism.org/brennan-frank_canberra-in-crisis-1971-09-the-law-and-the-leases.pdf,sources/65/658a474f5f8c34d8101281df08b55537d5b623473e266b7589e88360fb9bf0fb.pdf,HOLD,"confirmed 1971 book (Frank Brennan, Chapter 9); the '1901' hit was a citation to Quick & Garran's 1901 treatise within the text, not the publication date; no license statement, well within copyright"
Capital is Back: Wealth-Income Ratios in Rich Countries 1700-2010 (QJE author copy),https://gabriel-zucman.eu/files/PikettyZucman2014QJE.pdf,sources/63/63b82894467ef2aae74f4bb7a2841e8cde11efacfd7e8ea22786b5f41ece9abd.pdf,HOLD,all rights reserved
Capital Structure and Taxes: What Happens When You (Also) Subsidize Equity?,https://www.bis.org/events/confresearchnetwork1603/perez_gonzalez.pdf,sources/2b/2b2c341255ad0789939c1a5b07a61aed6237a7a3fe297f9aa1e8d089cb53004b.pdf,HOLD,no clear license statement
Capitalism 3.0: A Guide to Reclaiming the Commons,https://www.boell.de/sites/default/files/capitalism_3.0_peter_barnes.pdf,sources/e0/e0eea2df198cdc3135663ac1811e5a354f2fe977315737138f1bc4db23af77bf.pdf,VERIFIED-PROMOTE,"CC BY-NC-ND 2.5, stated explicitly on copyright page and in closing 'Note on the Creative Commons Electronic License' (Berrett-Koehler Publishers); covers whole book"
Central London Congestion Charging: Impacts Monitoring — Second Annual Report,https://content.tfl.gov.uk/impacts-monitoring-report-2.pdf,sources/4a/4a504134cb3b8e940dee7bb9eeddcd781e52a3d90b09fe41b67ccf9aa42a6e93.pdf,HOLD,all rights reserved
Century of Research on Property Cycles: A Literature Review,https://journals.vilniustech.lt/index.php/IJSPM/article/download/1819/1435/3829,sources/ce/ce8e0a15f060fef91c735440c40f7609ce3731645b6e9e13e99dc230d76c1fd8.pdf,HOLD,no clear license statement
"City Planning with Land Value Capture: A Comparative Analysis of Capture Policies in New York, London and Toronto",https://yorkspace.library.yorku.ca/xmlui/bitstream/handle/10315/36915/MESMP03254.pdf,sources/24/243844c80d5d82410115bfa2739aea8e93cc5d29b08999b0247f64f0f129d4df.pdf,HOLD,no clear license statement
"Comment on Tarnishing the Golden and Empire States (JME 93, author copy)",https://christophertonetti.com/files/papers/Tonetti_HOPComment.pdf,sources/38/388d27fa6666999a3af48dbe9a93b0125852dad1c7e703f01b3f25d9b086c3f0.pdf,HOLD,all rights reserved
Commentary on Crouzet-Eberly (Jackson Hole 2018 proceedings),https://www.kansascityfed.org/documents/6978/philippon_JH2018.pdf,sources/bb/bbf85d96f1f14eff04059233b9eb2ce66bba83bc2e94df541429d2381d015a19.pdf,HOLD,no clear license statement
"Common Rights to Land in England, 1475–1839",https://faculty.econ.ucdavis.edu/faculty/gclark/papers/commons.pdf,sources/6b/6bbb8f650c00b10e00fabb63920b57048e1ee5498ee922167cced6727821f04d.pdf,HOLD,no clear license statement
Consequences of Bank Distress During the Great Depression,https://business.columbia.edu/sites/default/files-efs/pubfiles/5590/consequences%20of%20bank%20distress.pdf,sources/36/36b316ac4699441150c019354e4bdb57d92b0980cd29a75750b091869164ff77.pdf,HOLD,no clear license statement
Consistency of Land Values: Comparison of Three General Approaches to Valuing Land Where There are Few Vacant Land Sales,https://www.lincolninst.edu/app/uploads/legacy-files/pubfiles/1380_697_BellBowman%20Final.pdf,sources/2f/2f42ad3d0d623635cbd326678c0d70ead613a5f67991fd6a05e47035df4fcffc.pdf,HOLD,no clear license statement
Covering All the Basics: Reforms for a More Just Society (Final Report of the BC Expert Panel on Basic Income),https://bcbasicincomepanel.ca/wp-content/uploads/2021/01/Final_Report_BC_Basic_Income_Panel.pdf,sources/33/3367fa8d5a44b1d49237f26912745e5d5f8ecad18711b3872138d58dee1f4f10.pdf,HOLD,no clear license statement
Current Situation and Practice of Land Valuation and Taxation in Estonia,https://www.lincolninst.edu/app/uploads/2024/04/tiits_current_situation_and_practice_in_estonia_0.pdf,sources/01/0180b9011a2f8fc01f63fb13fe879ce2e488ad3d5a83a15d108b0a27c9f9e540.pdf,HOLD,no clear license statement
Determinants of Property Tax Revenue: Lessons from Empirical Analysis,https://documents1.worldbank.org/curated/en/360151600192574693/pdf/Determinants-of-Property-Tax-Revenue-Lessons-from-Empirical-Analysis.pdf,sources/e9/e9c3034f64ed201d32c710e5062ba1b151eb199cc453d1344ae0189e8294eb3a.pdf,HOLD,no clear license statement
Distributing the Corporate Income Tax: Revised U.S. Treasury Methodology (OTA TP-5),https://home.treasury.gov/system/files/131/TP-5.pdf,sources/48/48a3a3e48f1ff50102527791c322d0e5d9c2443282c3a58ca9fd98abe0b55c4c.pdf,VERIFIED-PROMOTE,"all 4 authors confirmed Office of Tax Analysis, U.S. Treasury Department staff (@treasury.gov); genuine federal OTA Technical Paper"
Does tax structure affect economic growth? (Oxford CBT WP 11/20),https://oxfordtax.sbs.ox.ac.uk/sitefiles/wp1120.pdf,sources/b7/b753328d239af8bd4b5c442189abae3cf7405200249f317bfadd61edb2a2127e.pdf,HOLD,no clear license statement
Earth4All Deep Dive (Webster),https://www.clubofrome.org/wp-content/uploads/2022/06/Earth4All_Deep_Dive_Webster.pdf,sources/4f/4f85cc2b611299844aeafe4eb9b8ddf7a4f9f457859b8511c80091d573424745.pdf,VERIFIED-PROMOTE,"CC BY-NC 4.0, stated in closing colophon: 'This work is licensed under a Creative Commons Attribution-NonCommercial 4.0 International Licence'"
Effects of a Land Value Tax on Residential Households (Lincoln WP09EP1),https://www.lincolninst.edu/app/uploads/legacy-files/pubfiles/1659_874_plummer_web.pdf,sources/cd/cd51f100c4bbaef7295e4c0f83b5854255b71e2c3a3217012b34596293fcbbf8.pdf,HOLD,no clear license statement
Efficient Mechanisms for Bilateral Trading,https://www.cs.princeton.edu/courses/archive/spr10/cos444/papers/myerson_satterthwaite83.pdf,sources/e1/e12d5f99009705fc68ae62fd3cdbfcd639a394005f1117d84bc9acec1d5c735f.pdf,HOLD,no clear license statement
Eighth Interim Report: The Implications of Introducing a Land Tax in South Africa (Katz Commission),https://www.treasury.gov.za/publications/other/katz/8.pdf,sources/b9/b909734f97ce3200ab4c71a8418a75028a5f33bccd3abe936c979ab971e43e46.pdf,HOLD,no license or PD statement found anywhere in document; South African Copyright Act vests State copyright in government commission reports (50-year term) — treasury.gov.za host does not confer US-federal-style PD status
Ends and Means: The Future Roles of Social Housing in England,https://eprints.lse.ac.uk/5568/1/Ends_and_Means_The_future_roles_of_social_housing_in_England_1.pdf,sources/59/5948ff460eb5f92610465d71768d6b303d12ce52d4177855437eb1186f410060.pdf,HOLD,no clear license statement
Environmental Taxes in Canada (Issue Summary),https://institute.smartprosperity.ca/sites/default/files/publications/files/SP_IS-Enviro-Tax-In-Canada_FINAL.pdf,sources/6f/6fbfaaa40f24e82a025485c66d5362a06d91fbd552844a0413e85e571912eac2.pdf,HOLD,no clear license statement
Equity and Efficiency Effects of Land Value Taxation,https://www.imf.org/-/media/files/publications/wp/2022/english/wpiea2022263-print-pdf.pdf,sources/97/9779bcc36fda9e39dfd59a1d59485186ab2639bded83a81056aab6aa5dce15e2.pdf,HOLD,no clear license statement
"Eradicating Poverty Beyond Growth (Report of the UN Special Rapporteur on Extreme Poverty, A/HRC/56/61)",https://documents.un.org/doc/undoc/gen/g24/069/70/pdf/g2406970.pdf,sources/b6/b618d0eb3116773b9450cd6fe99821504e2887ebf4d805457561b69717a6629b.pdf,HOLD,no clear license statement
Evidence on the Distributional Effects of a Land Value Tax on Residential Households (NTJ 63:1),https://web.archive.org/web/20150110102445/http://www.ntanet.org/NTJ/63/1/ntj-v63n01p63-92-evidence-distributional-effects-land.pdf,sources/92/927442b85b495e23acffe8087837ca91f5e37f5d106a3e8fd53c29ce4833507b.pdf,HOLD,no clear license statement
"Expérimentation d'un revenu de base en Corse (rapport, avril 2020)",https://www.isula.corsica/assemblea/docs/rapports/Corsica-basic-income-project-2020-04-23.pdf,sources/0b/0b4b918a7f72a58cf1fad6de1ef5c30c0cb718ca0685c51e6c5bdf9e7f710832.pdf,HOLD,no clear license statement
Fifteen Super-Profitable Industries (Centre for Future Work),https://centreforfuturework.ca/wp-content/uploads/2022/12/Fifteen-SuperProfitable-Industries.pdf,sources/42/426e145974ef681897877db566ee3aadaebcb8d2d3696d817af65db3a030016b.pdf,HOLD,no clear license statement
Fighting Poverty: Assessing the Effect of a Guaranteed Minimum Income Proposal in Québec,https://cirano.qc.ca/pdf/publication/2012s-36.pdf,sources/73/7304a277ec1e84dc2dd09ad508830f45528ccd3ffc20b0c6f3c4c2c00147119d.pdf,HOLD,all rights reserved
Finance Is Not the Economy: Reviving the Conceptual Distinction,https://www.boeckler.de/pdf/v_2016_10_21_hudson.pdf,sources/67/674e1c534929008c20ceda462b20a5f2701a2f41c20d909914c119cf994dce31.pdf,HOLD,no clear license statement
Financing Public Investment by Deferred Special Assessment,https://cooperative-individualism.org/shoup-donald_financing-public-investment-by-deferred-special-assessment-1980-dec.pdf,sources/08/08c8d9ff2537ffe73929fbe3f21a079d74dd32432a6cdb372af0b7e7606d17b2.pdf,HOLD,no clear license statement
First Home Ownership,https://assets.pc.gov.au/inquiries/completed/first-home-ownership/report/housing.pdf,sources/d1/d11bcfd59630081070d9216dd5b77b6032d3eb787105ff23eda9056483784c28.pdf,HOLD,no clear license statement
"Food Systems Report (Community Food Systems Lab, final)",https://communityfoodsystemslab.com/ws/media-library/b808e6f936d52bb571dc324360203c7b/food-systems-report-final-04-23-2025.pdf,sources/93/93a5c6119acccc4988425621eb650cf6ad9ec2e21352c801f70552324bbe14b0.pdf,VERIFIED-PROMOTE,"CC BY-NC 4.0, stated on title page: 'This work is licensed under CC BY-NC 4.0'"
From Reconstruction to Deconstruction,https://scholarship.law.tamu.edu/cgi/viewcontent.cgi?article=1783&context=facscholar,sources/a9/a95383cb1cda8fdc272d125f322720604510a680b2702b9d6140432914e340a5.pdf,HOLD,no clear license statement
Gen-AI: Artificial Intelligence and the Future of Work (SDN/2024/001),https://www.imf.org/-/media/Files/Publications/SDN/2024/English/SDNEA2024001.ashx,sources/e8/e82841e85d242fbff41d617bc1ba7c3f7d16ffa66bb579bf1c9175f11affa2df.pdf,HOLD,no clear license statement
German Real Estate Index (GREIX),https://www.econtribute.de/RePEc/ajk/ajkdps/ECONtribute_231_2023.pdf,sources/ec/ec751dd05b7fc12c59f7ce03484f5fd776334a691bb3c9ee4148357e7b5cd396.pdf,HOLD,no clear license statement
Global Compendium of Land Value Capture Policies,https://www.oecd.org/content/dam/oecd/en/publications/reports/2022/06/global-compendium-of-land-value-capture-policies_64f3c257/4f9559ee-en.pdf,sources/cf/cf5c7208d5ac664dc9e59c324fdf50849cb450c89256079e189c85541a3e893b.pdf,HOLD,no clear license statement
Have Excess Returns to Corporations Been Increasing Over Time? (OTA WP 111),https://home.treasury.gov/system/files/131/wp-111.pdf,sources/24/24ed934b0be75c5f3f6f6067aeb1653dae7792bfc485dc08fd780306da4233e1.pdf,VERIFIED-PROMOTE,"both authors confirmed Office of Tax Analysis, U.S. Treasury Department staff (@treasury.gov); genuine federal OTA Working Paper"
Henry George's Political Critics,https://michael-hudson.com/wp-content/uploads/2010/03/0801GeorgesCritics.pdf,sources/59/59af0072df0f2e3754ca42e02fe4d48ebef65cf1030b67ef352fab24642b1c71.pdf,HOLD,"explicit copyright notice: '© 2008 American Journal of Economics and Sociology, Inc.'; the 'public domain' hits are incidental content (George's writing about land being taken from 'the public domain'), not a PD dedication"
Henry George: Rebel with a Cause,https://cooperative-individualism.org/blaug-mark_henry-george-rebel-with-a-cause-2000-summer.pdf,sources/74/740f5d063005315b4d1f968ccfa9002505dd6533ad525ed8e52aa34acdfa8050.pdf,HOLD,no clear license statement
Historical Background and Contemporary Usage of Taxing Land,https://commongroundorwa.org/LVT-History_Polimeni.pdf,sources/75/75dcd4d1409378bb37c094a4c4b35b6df58122c440db5bd4d76541eb3a92bba3.pdf,HOLD,no clear license statement
Home Affront: housing across the generations,https://www.resolutionfoundation.org/app/uploads/2017/09/Home-Affront.pdf,sources/e6/e60514ac4aa606f2879565c2a908a2dd110dfa42c1095840ce4d208d3046740b.pdf,HOLD,Crown copyright
Housing Prices Mortgage Interest Rates and the Rising Share of Capital Income in the United States,https://www.bis.org/publ/work572.pdf,sources/12/120637cb7645e57cc8ec407cee58ad4b3991f1760bca664ef7e3503bc743440a.pdf,HOLD,all rights reserved
"How Much Revenue Would a Full Land Value Tax Yield? In the United States in 1981, Census and Federal Reserve Data Indica",https://cooperative-individualism.org/cord-steven_how-much-revenue-would-a-full-land-value-tax-yield-1985.pdf,sources/3c/3ccebfbb793def1edbdb9edd1f5079462cdc247b98a312c1848f47d67f3d34fb.pdf,HOLD,no clear license statement
Implicit Land Taxes and Their Effect on the Real Economy,https://www.maxwell.syr.edu/docs/default-source/research/cpr/property-tax-webinar-series/2023-2024/murphyseegert-landtax-accessible.pdf,sources/6a/6a45ef87b13e1b6fc6a1f30f26a675d2e588ad61e669756bb30d185fca0bbbee.pdf,HOLD,no clear license statement
In the Zone? Have Enterprise Zones Delivered the Jobs They Promised?,https://www.centreforcities.org/wp-content/uploads/2019/07/19-07-10-In-the-zone-have-Enterprise-Zones-delivered-jobs.pdf,sources/5a/5a18941fe6f71df166e82cfb77e5cbd4e95b40e9eedb02040aaf38132e197d7f.pdf,HOLD,no clear license statement
Intellectual Property: When Is It the Best Incentive System?,https://www.nber.org/system/files/chapters/c10785/c10785.pdf,sources/04/042f7330cf5f1cfe7f1892fc37a37f05f50efe2765e67781ac06503276e47a62.pdf,HOLD,"NBER/MIT Press book chapter (Innovation Policy and the Economy, Vol. 2), copyrighted; 'public domain' and 'copyright' hits are the authors discussing IP theory in the text, not a license statement"
Is capturing the 'unearned increment' in land value still a viable idea?,https://www.irbnet.de/daten/iconda/CIB_DC24534.pdf,sources/08/08af7c22e05f31c67bc32f567f96f0fd0bc9b79d890622de2ff792994cfdd778.pdf,HOLD,no clear license statement
"Is the Property Tax a Benefit Tax? The Case of Rental Housing (NTJ 47:2, full text)",https://web.archive.org/web/20150906043319/http://www.ntanet.org/NTJ/47/2/ntj-v47n02p295-316-property-tax-benefit-tax.pdf,sources/3f/3f77e2f9279137c3bd5d6109051644624a84144ebad2fb83e5fab5e99d85c8ff.pdf,HOLD,no clear license statement
Is There a Bubble in the Housing Market?,https://www.brookings.edu/wp-content/uploads/2003/06/2003b_bpea_caseshiller.pdf,sources/45/45faf5180d531b75e60373ef727e44225546d3b20ec055e225055b92b7bb1076.pdf,HOLD,no clear license statement
"Joseph Jay Pastoriza and the Single Tax in Houston, 1911-1917",https://houstonhistorymagazine.org/wp-content/uploads/2014/02/Stephen-Davis-Joseph-Jay-Pastoriza-and-the-Single-Tax-in-Houston-1911-1917.pdf,sources/32/32917fc944398ef9855b6b8b44fa46f3c42639b0d7d7a06e4e988dc445697889.pdf,HOLD,no clear license statement
"Land for the Many: Changing the way our fundamental asset is used, owned and governed",https://labour.org.uk/wp-content/uploads/2019/06/12081_19-Land-for-the-Many.pdf,sources/a4/a4f4562ee31f0de39b9676b9412663edddb41bd21ce5b4c34e16fd7708114918.pdf,HOLD,no clear license statement
"Land is Back, It Should Be Taxed, It Can Be Taxed",https://amu.hal.science/hal-03238443/file/Land%20is%20back%2C%20it%20should%20be%20taxed%2C%20it%20can%20be%20taxed.pdf,sources/78/784b62f571a817506c26fb1eb0f3899306df13221c45428caa2ebb07375d1247.pdf,VERIFIED-PROMOTE,"CC BY-NC-ND 4.0, stated on title page: 'Distributed under a Creative Commons CC BY-NC-ND 4.0 - Attribution - Non-commercial use - No Derivative Works - International License'"
Land Law (Ireland) Act 1881 (44 & 45 Vict. c. 49),https://www.legislation.gov.uk/ukpga/Vict/44-45/49/pdfs/ukpga_18810049_en.pdf,sources/a8/a898e142f52c68008f9c81ce6ab825e901a5ca025c9db2176562876c97baff46.pdf,VERIFIED-PROMOTE,"PD-AGE confirmed: legislation.gov.uk PDF (metadata title 'Land Law (Ireland) Act 1881') is a plain digitized scan of the original 1881 statute text (44 & 45 Vict. c.49), pre-1931, no modern annotations added; '©' hits were OCR misreads of 'c.' chapter abbreviations"
Land Reform in Kiaochow China: From 1898 to 1914 the Menace of Disastrous Land Speculation Was Averted by Taxation,https://cooperative-individualism.org/silagi-michael_land-reform-in-kiaochow-china-1984-apr.pdf,sources/8b/8bb133ce308f8dc2d6d90f5fbe21567b3ae47b59502e327b836ea7e58a272e82.pdf,HOLD,no clear license statement
"Land Reform in Kiaochow, China: From 1898 to 1914 the Menace of Disastrous Land Speculation Was Averted by Taxation",https://cooperative-individualism.org/silagi-michael-and-susan-faulkner_land-reform-in-kiaochow-china-1984-apr.pdf,sources/e0/e019cf6fa00324dd17b8a7b412dca32155edcf9cf70269612c548230097bf144.pdf,HOLD,no clear license statement
Land Taxation in New York City: A General Equilibrium Analysis,https://www.newyorkfed.org/medialibrary/media/research/economists/haughwout/netzer_paper.pdf,sources/9a/9adb6c8427cdfb922e44cece38d53768b5b502460604947bdc365388292f658d.pdf,HOLD,no clear license statement
Land Taxation in Taiwan: An Analysis (Lincoln WP98AL1),https://www.lincolninst.edu/app/uploads/legacy-files/pubfiles/144_lamtsui98.pdf,sources/d5/d564c2e65494536f0b9882e82731cd62de843e267bf91ec2487e168a3c93aed3.pdf,HOLD,no clear license statement
Land Value Appraisal Using Statistical Methods (FORLand WP-07),https://edoc.hu-berlin.de/bitstream/handle/18452/20511/FORLand-2019-07.pdf,sources/77/7726d895dd934a476b51545865fe914f8d20822a470528a1ae90abf946e1615e.pdf,HOLD,no clear license statement
Land Value Capture: Final Report,https://www.london.gov.uk/sites/default/files/land_value_capture_report_transport_for_london.pdf,sources/93/93f5761038b167a466bde5c69c3c522c3ee2642270fe3a2885d2ec7b9dae33ef.pdf,HOLD,no clear license statement
Land Value Taxation and the Distribution of Tax Burdens: The Two-Rate Tax in Virginia (WP04JB1),https://www.lincolninst.edu/app/uploads/2024/04/905_BowmanBell_PDF.pdf,sources/e8/e8c35fac1451bc9ad8bc472c7a5a9c8468d717ddafe3111189acb1eecce18cb9.pdf,HOLD,no clear license statement
Lessons from the Great American Real Estate Bubble: Florida 1926,https://users.nber.org/~confer/2008/si2008/DAE/white.pdf,sources/11/11cfb336f31c31b89dd725610b4171ed194bc7fd0cb9a223b65cca1cc2cfd8cf.pdf,HOLD,no clear license statement
Letchworth Garden City Heritage Foundation Report & Accounts 2024,https://www.letchworth.com/documents/183/Annual_Report_2024_I6ioTR4.pdf,sources/fb/fba05ab44b4acea9f082120c7d7425c59f876f5428ac7b03ed105259f40632c0.pdf,HOLD,no clear license statement
Local Government Funding and Financing: Final Report,https://www.treasury.govt.nz/sites/default/files/2024-05/pc-inq-lgff-final-report-local-government-funding-and-financing.pdf,sources/18/186bf087e1fb5906881a13c4a0cf55ec9320fc743af748a1d7c9a4be3d0120b0.pdf,VERIFIED-PROMOTE,"CC BY 4.0 International, stated explicitly: 'This copyright work is licenced under the Creative Commons Attribution 4.0 International Licence... attribute the source of the work to the New Zealand Productivity Commission'"
Lost Inheritance: Black Farmers Face an Uncertain Future without Heirs' Property Reforms,https://www.ucs.org/sites/default/files/2023-06/Lost-Inheritance_report_0.pdf,sources/ef/ef0cdb0d895c20d2c3e4b08293a4e1880a010600a1c326fe637970b47110cdd8.pdf,HOLD,no clear license statement
Major Sources of Government Revenue (ISSF03/2023),https://app7.legco.gov.hk/rpdb/en/uploads/2023/ISSF/ISSF03_2023_20231116_en.pdf,sources/9d/9dc738a5d6034848d724ad7b7b1f2abd50aa85e3540ab38f70609070e43f75c1.pdf,HOLD,no clear license statement
Maori and Rating Law (Rangahaua Whanui National Theme I),https://www.waitangitribunal.govt.nz/assets/Rangahaua-whanui/THEME/Theme-I-Bennion-Rating.pdf,sources/a0/a0ccec4b9968b662d324a1e79df7c215fd4cf0d13a6cc29d4a1275106dd21176.pdf,HOLD,no clear license statement
Mapping Modern Economic Rents,https://discovery.ucl.ac.uk/id/eprint/10172018/1/bead013.pdf,sources/8b/8bcc1e22def65404c8c47753f73f5c162075eb88f42b406ab2d1f14c526e2f4c.pdf,VERIFIED-PROMOTE,"CC BY 4.0 (Open Access, Cambridge Political Economy Society / Oxford University Press): 'distributed under the terms of the Creative Commons Attribution License... which permits unrestricted reuse, distribution, and reproduction'"
Microbes and Markets: Was the Black Death an Economic Revolution?,https://faculty.econ.ucdavis.edu/faculty/gclark/papers/black1.pdf,sources/91/91fd64cdb695304b7e21113e9d6a978fb86bc8d68c59a5350bc4b5e1a413c0a4.pdf,HOLD,no clear license statement
Municipal Rates Policies and the Urban Poor,https://sacitiesnetwork.co.za/wp-content/uploads/2014/07/report_municipal_property_rates_and_the_urban_poor.pdf,sources/21/2190d8957f185abc0aef690fdd07b71c2b33e28f27ba058ff5b8423da2789051.pdf,HOLD,no clear license statement
Natural Common Wealth and Economic Rent in Canada (July 2023 Final revision),https://static1.squarespace.com/static/6323904e211cd97c7d32a788/t/64f2272306efb178b0560521/1693591332842/Natural+Common+Wealth+and+Economic+Rent+in+Canada_July+2023+Final.pdf,sources/c7/c7545963f6c4a3965540a7cf7f1d696e4eb39e360a905b077e40919a151a340e.pdf,HOLD,no clear license statement
Navigating the Amazon: The Incidence of Digital Service Taxes,https://research.wu.ac.at/ws/portalfiles/portal/76680012/2025_05_DST_2_.pdf,sources/37/376b35b1956691b15f8aba64534fbc50fe453a416f8cacfb7f4dfcf5798c317d.pdf,HOLD,no clear license statement
"New Estimates of Value of Land of the United States (BEA WP2015-3, full PDF)",https://www.bea.gov/sites/default/files/papers/WP2015-3.pdf,sources/13/132c6cde8524c361953dcc5a6dd4590b42625b054000a54759e08a369985d047.pdf,VERIFIED-PROMOTE,"sole author William Larson, U.S. Department of Commerce, Bureau of Economic Analysis; genuine federal working paper; 'public domain' hit refers to public-domain federal land, not licensing"
New Graded Tax Law Adopted (Henry George News),https://cooperative-individualism.org/henry-george-news_graded-tax-law-adopted-1974-feb.pdf,sources/d5/d5eb211aa52cd2d8e47a31864947b05cb9efaf6be243524324e51f0232bc0d64.pdf,HOLD,no clear license statement
No Price Like Home: Global House Prices 1870-2012 (Dallas Fed WP 208 open copy),https://www.dallasfed.org/~/media/documents/institute/wpapers/2014/0208.pdf,sources/6d/6d105d23a6b7fbdb05c5c46d7b5679b9bf1fbcf2635be6e3564b12400c2fefac.pdf,HOLD,no clear license statement
Opportunities and Risks of Capturing Land Values Under Hong Kong's Leasehold System,https://www.lincolninst.edu/app/uploads/2024/04/65_honglam98_1.pdf,sources/d9/d90f2f5cc428bacf516561d87fe7373f70fa064f38c0777f76c07456318df7a3.pdf,HOLD,no clear license statement
Optimal Taxation with Rent-Seeking,https://www.nber.org/system/files/working_papers/w17035/w17035.pdf,sources/a3/a34fdd37f3423040bd9a75b5474f04e907513b0fa725e6964c9ee409b83d5a57.pdf,HOLD,all rights reserved
Pennsylvania's Success with Local Property Tax Reform: The Split Rate Tax,https://cooperative-individualism.org/hartzok-alanna_pennsylvania's-success-with-local-property-tax-reform-1997-apr.pdf,sources/86/86335e26b00e33ad014d0a09764aaf03ae70cdc3d9e4e4bfb2813dca13cebdd2.pdf,HOLD,no clear license statement
Pie in the Sky? The Battle for Atmospheric Scarcity Rent (PERI WP13),https://peri.umass.edu/images/publication/WP13.pdf,sources/77/77a889d6f2d969b3aacaedeeed0b018f558f5206b29b696259ba219a7be82d29.pdf,HOLD,no clear license statement
Political Economy of Property Tax Reform: Hawaii's Experiment with Split-Rate Property Taxation (WP 09-15),https://www.economics.hawaii.edu/research/workingpapers/WP_09-15.pdf,sources/e7/e72337a4982d279e9e795391212b216105fa120584267a94a8c78fa3cc701b18.pdf,HOLD,no clear license statement
"Programme of the Land Tenure Reform Association, with an Explanatory Statement (1871)",https://oll-resources.s3.us-east-2.amazonaws.com/oll3/store/titles/232/Mill_0223-05_EBk_v6.0.pdf,sources/c6/c659593a855c3f3f573ffc676f3457bde0901be1992c012e01afea9c12977624.pdf,HOLD,all rights reserved
"Property Tax in Africa: Status, Challenges, and Prospects",https://www.lincolninst.edu/app/uploads/legacy-files/pubfiles/property-tax-in-africa-full_1.pdf,sources/76/76e7a9ed0481f480eddaed490824505fe03d22a49f66645063fce93220bad3a4.pdf,HOLD,no clear license statement
Property Taxation within the Southern African Development Community (SADC) (WP03RF1),https://www.lincolninst.edu/app/uploads/2024/04/franzsen-wp03rf1.pdf,sources/e6/e67741d859b023a3eba58007acb6d1f0e286ee8479b571f9b33aaf47d09a2bc3.pdf,HOLD,no clear license statement
QV or Not QV? That Is the Question: Some Skepticism about Radical Egalitarian Voting Markets,https://lawreview.uchicago.edu/sites/default/files/6Hasen_WEB_FINAL.pdf,sources/51/518c7ffd717f5ff4adb3b662c89c7775ce6f95f1bb4e371c50e2576570469fef.pdf,HOLD,no clear license statement
Radical Markets (JEL review),http://www.dklevine.com/papers/radical.79.pdf,sources/51/5127e5d2972a21e6525a5dd447dddbfd03c3ee55e48e507ebb1a90e37325743f.pdf,HOLD,no clear license statement
Reassessing the Property Tax,https://law.yale.edu/sites/default/files/area/center/corporate/spring2022_paper_berrychristopher_2-24-22.pdf,sources/58/581155c7f306b9f2b5ebf352e8ecb788788bcab023575cc079d3630f66df9372.pdf,HOLD,no clear license statement
"Reply to Benkard, Miller and Yurukoglu (2025)",https://www.janeeckhout.com/wp-content/uploads/Reply.pdf,sources/ea/eae70667059a8fe49ca0fcaa4733260ef55c646647ee3eddd4ce7800407cf5ae.pdf,HOLD,no clear license statement
Report on the Canberra Leasehold System,https://aphref.aph.gov.au/house/committee/reports/1988/1988_pp409.pdf,sources/7a/7a2f8a2fb28b2c3f521e3f231a74ce076aea9ae0c64784a9d3e7c1347a4c9656.pdf,HOLD,no clear license statement
Revenue Act of 1916 (39 Stat. 756),https://www.govinfo.gov/content/pkg/STATUTE-39/pdf/STATUTE-39-Pg756.pdf,sources/18/18509c63fe62bbeacfb2eeb1364ef2a0d874e948cd80cb4d8fa56e7eb23f4712.pdf,VERIFIED-PROMOTE,official U.S. federal statute text hosted on govinfo.gov; genuinely PD both as pre-1931 work and as a US federal statute
Riding the South Sea Bubble,https://crei.cat/wp-content/uploads/users/working-papers/voth_ridingsouthsea.pdf,sources/72/72b0cfa7e94562e919302bf226e28582711f6f769256f09356c9cb5a357c3157.pdf,HOLD,no clear license statement
"Roots of the Taiwanese Miracle? Reassessing Land Reform, 1950-1961",https://oliverwkim.com/papers/KimWang_Taiwan.pdf,sources/a3/a3ef914791bbfa7a4006d6f69fe3b9537e5a5904f1040ec1fbd57ef3b5feb0f4.pdf,HOLD,no clear license statement
Significant Features of the Property Tax — Pennsylvania (state profile),https://www.lincolninst.edu/app/uploads/legacy-files/pa_january_2022_0.pdf,sources/93/933101a30cd40b31243f63da91f646eb18db7e1294a726cea3e7d88b81765707.pdf,HOLD,no clear license statement
Socialise the Rent: An Open Letter to Mikhail Gorbachev,http://eurodos.free.fr/mime/articles/Gorbachev_1991-Socialise_the_Rent.pdf,sources/fd/fdabfb9e4da19105905bcab6dc9232707210ade7cd60129f081ab16500f0aed5.pdf,HOLD,no clear license statement
Speculative Vacancies 11: Empty Homes in Melbourne 2019-2023,https://www.prosper.org.au/wp-content/uploads/2024/07/Prosper_SpecVac11_July2024-web.pdf,sources/dd/ddbfc09e67090e5a55eee74878d6def65b8347a3a593ce45026148f24df2be0e.pdf,HOLD,no clear license statement
Stabilizing an Unstable Economy,https://www.levyinstitute.org/pubs/wp74.pdf,sources/2f/2f398ba68576fb9bb670294aa383f19511f7b6698ba8a177b3739862e484db61.pdf,HOLD,all rights reserved
Standard on Mass Appraisal of Real Property (IAAO 2017),https://www.iaao.org/wp-content/uploads/StandardOnMassAppraisal.pdf,sources/d9/d90c05deab5ce126e24fc8a9d39736850466e29871b6bac4f8e747d04d72ab61.pdf,HOLD,all rights reserved
System of National Accounts 2008 (full manual),https://unstats.un.org/unsd/nationalaccount/docs/sna2008.pdf,sources/85/854883ffc5769747480561c78ba4099ec40257ca8f44d91a85f654b5e715a9b6.pdf,HOLD,no clear license statement
Tax Biases to Debt Finance: Assessing the Problem Finding Solutions (IMF SDN 11/11),https://www.imf.org/external/pubs/ft/sdn/2011/sdn1111.pdf,sources/e5/e57bcdb3b54389dbaabf49bdbbec40622e6317b81aa215db596f1b49c8b7749b.pdf,HOLD,no clear license statement
Tax Policy for Economic Recovery and Growth (Kent KDPE 0925 pre-print),https://www.kent.ac.uk/economics/repec/0925.pdf,sources/31/31c52845fcb54e33d7b9d02ad83b769f6a93ff346c396dcf57b009582e631378.pdf,HOLD,no clear license statement
Tax Policy Leverage and Macroeconomic Stability (IMF Policy Paper 2016/070),https://www.imf.org/external/np/pp/eng/2016/100716.pdf,sources/bd/bdabd68d98e6612b0179a2cab1e38512b7b47a3779e1afe269fb37ac5c1a0b28.pdf,HOLD,no clear license statement
Taxation of Economic Rents,https://publications.pik-potsdam.de/rest/items/item_23401_2/component/file_23402/content,sources/dc/dc063fd44ee5c560c1b40a41a35f0e924130576e111dd1652fb9e9e684b26c5f.pdf,VERIFIED-PROMOTE,"CC BY (Open Access, Journal of Economic Surveys, Wiley): 'This is an open access article under the terms of the Creative Commons Attribution License, which permits use, distribution and reproduction in any medium'"
Taxing Immovable Property: Revenue Potential and Implementation Challenges,https://www.imf.org/external/pubs/ft/wp/2013/wp13129.pdf,sources/99/995fb205c8b0c06e36bdeedf73145c56934139639987d77d39522e4756380c8b.pdf,HOLD,no clear license statement
Taxing Property in Developing Countries,https://www.nber.org/system/files/working_papers/w28637/w28637.pdf,sources/2e/2eddf071f5bce86c11d5d667fde8a4b8cd84ff0c35534d223f1e66f054064b96.pdf,HOLD,all rights reserved
"The Alaska Permanent Fund Dividend: An Experiment in Wealth Distribution (BIEN 2002, draft)",https://basicincome.org/bien/pdf/2002Goldsmith.pdf,sources/f3/f357a7b9dd7b72bf844ed223f6e7c9177717569fcb41fd1a3ddc4ccbf78c4e57.pdf,HOLD,no clear license statement
The Asset Price Bubble and Monetary Policy: Japan's Experience in the Late 1980s and the Lessons,https://www.bis.org/publ/bppdf/bispap21e.pdf,sources/c6/c638969be95e3911c3ae02b4bec5f48798e03f9362bb4964b4a7f0f82ab7878b.pdf,HOLD,no clear license statement
The Case of Hong Kong Rail + Property Model,https://www.idos-research.de/uploads/media/Jauregui-Fung_Hong_Kong_MTR_IDOS.pdf,sources/63/639b7fa3b6a851437ec435b9c8d7dff6f56980068a742e5a5e3fa88213e35259.pdf,VERIFIED-PROMOTE,"CC BY 4.0, stated explicitly: 'this publication is licensed under Creative Commons Attribution (CC BY 4.0)' (German Institute of Development and Sustainability, IDOS)"
The Citizen's Dividend,https://basicincome.org/wp-content/uploads/2018/09/The-Citizens-Dividend.pdf,sources/77/77d8deeaf417f0b29e24fb8bea481e6db1fd5cd0d931287ac9fb86ad4a719c4b.pdf,HOLD,no clear license statement
The Constitution of Liberty: The Definitive Edition,https://ia800805.us.archive.org/35/items/TheConstitutionOfLiberty/The%20Constitution%20of%20Liberty.pdf,sources/a5/a51f086ed5772062c3b30f0bfbb1ca57e9cfc346a969e05b58a5d19e3881f600.pdf,HOLD,no clear license statement
The Corruption of Economics,https://www.masongaffney.org/publications/K1Neo-classical_Stratagem.CV.pdf,sources/e9/e9d5f732a6e080e4069a2a00f0718472e4478787f92f1c57147fe22e547e958d.pdf,HOLD,no clear license statement
The Digital Services Tax as a Tax on Location-Specific Rent,https://researchers.allard.ubc.ca/ws/portalfiles/portal/39709750/The%20Digital%20Services%20Tax%20as%20a%20Tax%20on%20Location-Specific%20Rent.pdf,sources/a8/a866728c397616b9aaa0e4134773432ee81ffef4df6a44503ef6567773765a5d.pdf,HOLD,no clear license statement
"The Effects of Property Taxes and Local Public Spending on Property Values (JPE 77:6, verification mirror)",https://gwern.net/doc/economics/georgism/1969-oates.pdf,sources/92/92c009aa27f3f8e013110cb266819820ab56222a53f9aa9e28da3e9dbfe4c2a1.pdf,HOLD,no clear license statement
The Efficiency of the Market for Single-Family Homes (NBER WP 2506),https://www.nber.org/system/files/working_papers/w2506/w2506.pdf,sources/0b/0b3af5a21968ca50732ffb7a2379ba35fe5bf8e0dc706a04cee9979ce2c4f669.pdf,HOLD,no clear license statement
The Extent and Nature of Parliamentary Enclosure,https://www.bahs.org.uk/AGHR/ARTICLES/35n1a3.pdf,sources/9e/9e16b54f9828c0a48714064ee81e998ccd52aa8837c0e96ce3e6a907002f7d04.pdf,HOLD,no clear license statement
The Financial Cycle and Macroeconomics: What Have We Learnt?,https://www.bis.org/publ/work395.pdf,sources/71/715f0a13f0f310fcf1feb2bbd3b94e44d023e7d0529c51c96c4331e7ed5659ec.pdf,HOLD,all rights reserved
"The Gothenburg congestion charge - effects, design and politics",https://www.transportportal.se/swopec/CTS2014-25.pdf,sources/01/01d4af4a9f4d7cc0c5f051ad6827e1f67579183917224a4fa3953cec0d8fc564.pdf,HOLD,no clear license statement
"The Great Reversal (Introduction/front matter, HUP sample)",https://web.archive.org/web/20240808054258/https://www.production.hup.harvard.edu/file/feeds/PDF/9780674237544_sample.pdf,sources/a7/a778cdd0c21fbfdaaccf1bf02a63a9f18b134e75383dba9160acb167e4b20107.pdf,HOLD,all rights reserved
The Hidden Taxable Capacity of Land: Enough and to Spare,https://economics.ucr.edu/papers/papers08/08-12old.pdf,sources/b5/b533404d551b239211f9a3f721ed915ab6038cc1b0dfce7cef59f24b3a6c28b5.pdf,HOLD,no clear license statement
The Impact of Henry George on British Economists I (AJES 30:2),https://www.cooperative-individualism.org/newton-bernard_impact-of-henry-george-on-british-economists-1971-apr.pdf,sources/b1/b1ed57c5e16e027551634e19c03913bde31a8b782fed942d98aa38d90d8edb2f.pdf,HOLD,"confirmed via OCR (scanned/image PDF): JSTOR-hosted scan of American Journal of Economics and Sociology article, 'This content downloaded from ... jstor.org' footer, no license statement anywhere"
The Impact of the Jubilee Line Extension of the London Underground Rail Network on Land Values,https://www.lincolninst.edu/app/uploads/legacy-files/pubfiles/906_vickers_complete_pdf.pdf,sources/da/dabefb26be757528ee0c31dd54d32d963f4057a117a2c3b5ad907122c48c4802.pdf,HOLD,no clear license statement
The Impact of Urban Land Taxation: The Pittsburgh Experience,https://cooperative-individualism.org/oates-wallace_the-impact-of-urban-land-taxation-1997-mar.pdf,sources/a1/a1414cdfec5caa73f6dd7fa2a5942c8733ba636040dccf17cb840d9cf8a31dc6.pdf,HOLD,no clear license statement
The Impacts of Neighborhoods on Intergenerational Mobility I: Childhood Exposure Effects,https://opportunityinsights.org/wp-content/uploads/2018/03/movers_paper1.pdf,sources/5f/5f091f24521a43b83d8ea5d2db0eac2af3711b0271ceb346e6606fb91d808754.pdf,HOLD,no clear license statement
The Incidence and Efficiency of Land Value Taxation,https://www.maxwell.syr.edu/docs/default-source/research/cpr/property-tax-webinar-series/incidence-efficiency-of-land-value-taxation-2024-11-accessible.pdf,sources/e7/e739e6141087aaa6afdea83ad1ebd58bed6fbcf54a9e60081cd6071281e1c65a.pdf,HOLD,no clear license statement
The Lloyd George Land Taxes,https://liberalhistory.org.uk/wp-content/uploads/2014/10/73_Douglas_Lloyd_George_land_taxes.pdf,sources/03/03e48442a9de32c27260de7c0c0c79c9268957e4bc67fe6868499564f7f92ca4.pdf,HOLD,no clear license statement
The Long Term Effects of Rating Systems: Case Study of New Zealand (WP02WM1),https://www.lincolninst.edu/app/uploads/2024/04/681_mccluskey_grimes.pdf,sources/4d/4dceae48624066eaf9a8432f3138dfb69440b8552bb2a804f566b71994f5bda2.pdf,HOLD,no clear license statement
The optimal distribution of population across cities (JUE 110 via NBER WP 22823),https://www.nber.org/system/files/working_papers/w22823/w22823.pdf,sources/7a/7ad7f74f6e10d359695d8ef3f5186f7319c3baa503cf3f4722a11d03e5a67613.pdf,HOLD,all rights reserved
"The People's Rights, Section 4: The People's Land (full text)",https://wealthandwant.com/pdf/Churchill_TPL.pdf,sources/8f/8f3c01c7c59346e69af5f91a1c6de30f361cfa5af202b87e8c7d041bf819ace9.pdf,HOLD,no clear license statement
The Physiocratic Concept of ATCOR (All Taxes Come Out of Rent),https://www.masongaffney.org/workpapers/WP096%202005%20The%20Physiocratic%20Concept%20of%20ATCOR.pdf,sources/a6/a66d2d775726d7f946524ecd198b18e305b13e83bf5add59dda2215b11ea5cc1.pdf,SKIP-ALREADY-PUBLIC,already publicly hosted at archive.progress.org/gaffney/ via webmaster permission; no need to promote separately
"The Price Effects of Urban Growth Boundaries in Metropolitan Portland, Oregon",https://cooperative-individualism.org/knaap-gerrit_the-price-effects-of-urban-growth-boundaries-1985-feb.pdf,sources/13/13708f456ba2b426c5689f4c8965390fe40549f7511812e632035a070d082d8d.pdf,HOLD,no clear license statement
The Property Tax as a Capital Tax: A Room with Three Views (NTJ 54:1),https://web.archive.org/web/20210323213534/https://www.ntanet.org/NTJ/54/1/ntj-v54n01p139-56-property-tax-capital-tax.pdf,sources/fd/fd8c7ed1c6b4da86b55c7ead1341207f4135d852e68110decd6245ddde20c684.pdf,HOLD,no clear license statement
"The Rise of Market Power and the Macroeconomic Implications (QJE 135:2, author final copy)",https://janeeckhout.com/wp-content/uploads/RMP.pdf,sources/ac/acb1d312650fc47595e81596f0b181f778a1490082f6d3357b1569dff18f6718.pdf,HOLD,no clear license statement
The secondary banking crisis and the Bank of England's support operations,https://www.bankofengland.co.uk/-/media/boe/files/quarterly-bulletin/1978/the-second-banking-crisis-and-the-boes-support-operations.pdf,sources/f7/f733fbc278b35e8270104b2085bdc1c7007268d5e3f2f82dc3c71c0232518b3b.pdf,HOLD,no clear license statement
The Short-Run Effects of Congestion Pricing in New York City,https://doi.org/10.3386/w33584,sources/52/52fbf91ce10598611482773dbe5988ae179be956cd48e2bd535d0a4f4fbead79.pdf,HOLD,all rights reserved
The Significance of the Frontier in American History,https://nationalhumanitiescenter.org/pds/gilded/empire/text1/turner.pdf,sources/a1/a165735202c7a1c1e2e0b412d310036738602a3f549b0138ae59eb5a6946391c.pdf,VERIFIED-PROMOTE,"PD-AGE confirmed: Turner's 1893 AHA paper (National Humanities Center excerpt), pre-1931, no added copyright/license claim; 'public domain' hit is incidental content about federal land, not a licensing statement"
The Spatial and Distributional Impacts of the Henry Review Recommendations on Stamp Duty and Land Tax (AHURI Final Repor,https://www.ahuri.edu.au/sites/default/files/migration/documents/AHURI_Final_Report_No182_The_spatial_and_distributional_impacts_of_the_Henry_Review_recommendations_on_stamp_duty_and_land_tax.pdf,sources/c5/c5830a79a93ff4bca19535501f19def1f1f742f1e714efe711a38ee681288ff7.pdf,HOLD,no clear license statement
The Stockholm congestion charges: an overview,https://www.transportportal.se/swopec/cts2014-7.pdf,sources/fd/fd91daee941d2ad8a1be813b2742279c6cff5a5b75361c56fd06e8334d16e7a4.pdf,HOLD,no clear license statement
The Structure and Reform of Direct Taxation (Meade Report),https://ifs.org.uk/sites/default/files/output_url_files/meade.pdf,sources/17/17b0705b828120b2a91960633290996b294379a3c7d8a78534626bc3bb13778b.pdf,HOLD,no clear license statement
The Surprising Incidence of a Tax on Pure Rent: A New Answer to an Old Question,https://cooperative-individualism.org/feldstein-martin_the-surprising-incidence-of-a-tax-on-pure-rent-1977-apr.pdf,sources/60/60586b1bd0d7a3831ad3d016e4b89fe15e4d85b63a7806f709134ba97ec8da2c.pdf,HOLD,no clear license statement
"The Synergistic City: Its Potentials, Hindrances and Fulfillment",https://masongaffney.org/publications/E14Synergistic_City.CV.pdf,sources/d2/d2bec86af85028cc0bdd015f5235fef15eb88f47a3800c365e5169c9abc4fec0.pdf,HOLD,no clear license statement
The Urgent Need to Tax Digital Advertising,https://shapingwork.mit.edu/wp-content/uploads/2024/04/Digital-Ad-Tax_Policy-Brief.pdf,sources/00/0016a3233d702624ebd17358e58e18836c1a7a3b690548877801893b37a19036.pdf,HOLD,no clear license statement
Total Resource Rents of Australia: Harnessing the Power of Monopoly,https://www.prosper.org.au/wp-content/uploads/2013/12/TRRA_2013_final.pdf,sources/f0/f085b45cad611334f5cc94278d660ae9a1a24b597a9e9cdd5db3360ba6e0d41c.pdf,HOLD,no clear license statement
Transforming the Nation's Finances (Land Research Trust paper No. 3),https://landresearchtrust.org/wp-content/uploads/2015/12/No-3-Transforming-the-Nations-Finances.pdf,sources/ef/efbc5ebd7af55a90811474b6b20c9f22ddbfc7d856dd49bc5fc75b9e7cbfc15a.pdf,HOLD,no clear license statement
Two Centuries of Economic Thought on the Taxation of Land Rents,https://www.masongaffney.org/publications/K142_Centuries_Thought_Land_Taxation.CV.pdf,sources/91/91b5a45a452d0b01f0a031a4073fc44f1a60c53fb63009b5dfb936b60822f01e.pdf,HOLD,no clear license statement
Two Pillars of Asset Pricing (Nobel Prize Lecture),https://www.nobelprize.org/uploads/2018/06/fama-lecture.pdf,sources/29/29623870f0a80077e960a504a11c977168833a52e0fd5fc194d553157880907c.pdf,HOLD,no clear license statement
Under Pressure: The Squeezed Middle Class,https://www.oecd.org/content/dam/oecd/en/publications/reports/2019/05/under-pressure-the-squeezed-middle-class_f3fa7167/689afed1-en.pdf,sources/79/79b0ad210d3eae35403bcb908f5b0fd9e93e0dc5c25c2426ed1b5f22154a6191.pdf,HOLD,no clear license statement
Understanding Asset Prices (2013 Nobel Scientific Background),https://www.nobelprize.org/uploads/2013/10/advanced-economicsciences2013.pdf,sources/d6/d62b4b4d1b56901028fd645c476415a25ded2d43fc8264771c79d9d5b615d8b9.pdf,HOLD,no clear license statement
Unlocking Digital Competition: Report of the Digital Competition Expert Panel,https://assets.publishing.service.gov.uk/media/5c88150ee5274a230219c35f/unlocking_digital_competition_furman_review_web.pdf,sources/45/45134d8d24547f45ef59f1cb670443152425e7a9f3cc68f3ed6d6fcba2e4b0db.pdf,HOLD,no clear license statement
"Urban Sprawl and the Property Tax (ITAX 10:5-23, course copy)",https://matthewturner.org/ec2410/readings/Breuckner_Kim_ITPF_2003.pdf,sources/c7/c7dde94304fd1503023bd72477d2d8287e1b99dd798e691be17699346865b824.pdf,HOLD,no clear license statement
Valuing Common Assets for Public Finance in Vermont,https://www.uvm.edu/~gflomenh/projects/documents/Valuing_Common_Assets_web_final.pdf,sources/05/05f9babbd1969300401f97a50f00c4993e81b2c6b16bf21c5706d2ac8044c250.pdf,HOLD,no clear license statement
"Valuing Rail Access Using Transport Innovations (CEP DP 0611, full text)",https://cep.lse.ac.uk/pubs/download/dp0611.pdf,sources/ad/ad8b767230619ab8ed48e1bc2827dcb45790fd6aa75a44fee4b46be90318ebaa.pdf,HOLD,all rights reserved
Veblen's Institutionalist Elaboration of Rent Theory,https://www.levyinstitute.org/pubs/wp_729.pdf,sources/63/639ca79a882874a8447e5600c32984199d80e296071d70a37585e0d12ab24b6c.pdf,HOLD,all rights reserved
"Wealth in Spain, 1900-2014: A Country of Two Lands",https://wid.world/www-site/uploads/2018/02/WID.WP_ABM_WEALTHSPAIN_2018.pdf,sources/2e/2e8d7f5bab922140ccb2054d00a73259d91ba6e6db4fab94dbd7346e5e7327e6.pdf,HOLD,no clear license statement
Wealth Inequality in the United States since 1913: Evidence from Capitalized Income Tax Data,https://eml.berkeley.edu/~saez/SaezZucman2016QJE.pdf,sources/e6/e68824db6f9dbced0f156ab9931cd9beeaac819f5a11aa6c018f584a1a5782de.pdf,HOLD,all rights reserved
"Welfare Effects of a Permanent Unconditional Cash Transfer Program: Evidence from Marica, Brazil",https://doi.org/10.3386/w33089,sources/82/8202950cd2ad2cd52861d6e817236384e176d18f43e6419756497d6a1c056328.pdf,HOLD,all rights reserved
Welfare Effects of Property Taxation,https://docs.iza.org/dp14195.pdf,sources/fb/fb0a03892bb7fe88e23a6e1a95cab8fc0a4a3a89c35e8fad851c37473d3b7f72.pdf,HOLD,no clear license statement
"Welfare Effects of Property Taxation (ECONtribute DP 331, 2024 revision)",https://www.econtribute.de/RePEc/ajk/ajkdps/ECONtribute_331_2024.pdf,sources/08/08b01c2fe096f82dd4bc0e98d728e2d161219f536900f94482293b433f006a94.pdf,HOLD,no clear license statement
What's Manhattan Worth? A Land Values Index from 1950 to 2014,https://sasn.rutgers.edu/sites/default/files/2024-02/Whats%20Mahattan%20Worth%20v3.1%20Oct%202015.pdf,sources/b4/b47a0d3739ff75af992c8a9ef1a51edc72c4b95b7ceca0f01d5ccb3188c02718.pdf,HOLD,no clear license statement
Who Benefits From Productivity Growth? Direct and Indirect Effects of Local TFP Growth on Wages Rents and Inequality,https://www.nber.org/system/files/working_papers/w24661/w24661.pdf,sources/33/339f33c5b243091301cbaa6efb8d7c1770275168889c097181b0d4207b772092.pdf,HOLD,all rights reserved
Why Rent Matters: The Hidden and Suppressed Economic Rent,https://cooperative-individualism.org/foldvary-fred_why-rent-matters-the-hidden-and-suppressed-economic-rent-2012-jun.pdf,sources/54/54bc09ccc7f1843d672394d4bfb2a0cc637e6c72a23505beed4153680a715e5d.pdf,HOLD,no clear license statement
"Why So Little Georgism in America: Using the Pennsylvania Case Files to Understand the Slow, Uneven Progress of Land Val",https://www.lincolninst.edu/app/uploads/legacy-files/pubfiles/1275_hughes_final.pdf,sources/86/86ec8913e90008388e36e6d97083286d9ee24f4a7f98d1b240ec3e1ef18d7fa9.pdf,HOLD,no clear license statement
Why We Need a Green Land Value Tax and How to Design It,https://www.inet.ox.ac.uk/files/J-Muellbauer-Why-we-need-a-green-land-value-tax-and-how-to-design-it-INET-Oxford-working-paper-2023-11.pdf,sources/32/32670d3baa20b0bf5bc9e2a279895bd69e8f7623f79a1426a48847a705aadd0c.pdf,HOLD,no clear license statement
Working Towards Economic Reconciliation: Government Resource Revenue Sharing in BC Ontario and the Yukon,https://www.willmsshier.com/docs/default-source/articles/article---working-towards-economic-reconciliation-part-1-government-resource-revenue-sharing-in-british-columbia-ontario-and-the-yukon---ja-cm-lw---july-17-2018.pdf,sources/69/690e56d883e03dc2963ed023d39722262a907fb9017e842699ad70de8d9f95a8.pdf,HOLD,no clear license statement
Your Citizen's Dividend (eBook),https://citdiv.org/wp-content/uploads/2026/05/Your-Citizens-dividend-E-Book.pdf,sources/79/79c11e2c64a9ce7097bbb916da81df073142bc8b67d0ff06fa818015f62aee72.pdf,HOLD,no clear license statement
Your House Just Doubled in Value? Don't Uncork the Champagne Just Yet!,https://www.philadelphiafed.org/-/media/frbp/assets/economy/articles/business-review/2006/q1/q1_06_housevalue.pdf,sources/0d/0db783efde46711d235128725264e23493cd581da8b9740e10dfa07dcc289bd0.pdf,HOLD,no clear license statement
