Title,Category,Author(s),Status,Wiki Page,Scan Depth,In-Wiki Citations,Year,Tier,Format,URL
18-Year Land Cycle,Concepts,,Scanned,https://www.progress.org/wiki/18-year-land-cycle/,Medium,12,,,Concept,
1886 New York City Mayoral Election,Events,,Scanned,https://www.progress.org/wiki/1886-nyc-mayoral-election/,Medium,2,1886,,Event,
The 1909 People's Budget (United Kingdom),Events,,Scanned,https://www.progress.org/wiki/1909-peoples-budget/,Medium,6,1909,,Event,
A Perplexed Philosopher,Academic/Research,Henry George,Scanned,https://www.progress.org/wiki/a-perplexed-philosopher/,Medium,0,1892,supplementary,Paper,https://www.henrygeorge.org/
Adam Smith,People,,Scanned,https://www.progress.org/wiki/adam-smith/,Medium,2,,,Person,
Akhil Patel,People,,Scanned,https://www.progress.org/wiki/akhil-patel/,Medium,0,,,Person,
Alanna Hartzok,People,,Scanned,https://www.progress.org/wiki/alanna-hartzok/,Medium,0,,,Person,
Establishment of the Alaska Permanent Fund,Events,,Scanned,https://www.progress.org/wiki/alaska-permanent-fund/,Medium,5,1976,,Event,
Alfred Russel Wallace,People,,Scanned,https://www.progress.org/wiki/alfred-russel-wallace/,Medium,0,,,Person,
Land Value Taxation Around the World,Academic/Research,Robert V. Andelson (ed.),Scanned,https://www.progress.org/wiki/andelson-lvt-around-the-world/,Medium,0,2001,core,Paper,https://onlinelibrary.wiley.com/doi/book/10.1002/9780470755364
"Aggregate Land Rents, Expenditure on Public Goods, and Optimal City Size",Academic/Research,Richard Arnott; Joseph Stiglitz,Scanned,https://www.progress.org/wiki/arnott-stiglitz-henry-george-theorem/,Medium,11,1979,core,Paper,https://cooperative-individualism.org/arnott-richard-and-joseph-stiglitz_aggregate-land-rents-1979-nov.pdf
ATCOR,Concepts,,Scanned,https://www.progress.org/wiki/atcor/,Medium,22,,,Concept,
Unveiling the Hidden Impact of Urban Land Rents on Total Factor Productivity,Academic/Research,Bas Bakker,Scanned,https://www.progress.org/wiki/bakker-land-rents-tfp/,Medium,3,2023,important,Paper,https://papers.ssrn.com/sol3/Delivery.cfm/wpi2023170.pdf?abstractid=4557156
The Henry George Theorem in a Second-Best World,Academic/Research,Kristian Behrens; Yoshitsugu Kanemoto; Yasusada Murata,Scanned,https://www.progress.org/wiki/behrens-hgt-second-best/,Medium,1,2015,important,Paper,https://www.sciencedirect.com/science/article/abs/pii/S0094119014000771
"Land is Back, It Should Be Taxed, It Can Be Taxed",Academic/Research,Odran Bonnet; Guillaume Chapelle; Alain Trannoy; Etienne Wasmer,Scanned,https://www.progress.org/wiki/bonnet-land-is-back/,Medium,10,2021,core,Paper,https://amu.hal.science/hal-03238443/file/Land%20is%20back%2C%20it%20should%20be%20taxed%2C%20it%20can%20be%20taxed.pdf
Taxing Property in Developing Countries,Academic/Research,Anne Brockmeyer; Alejandro Estefan; Karina Ramírez Arras; Juan Carlos Suárez Serrato,Scanned,https://www.progress.org/wiki/brockmeyer-property-tax-developing/,Medium,2,2021,important,Paper,https://www.nber.org/system/files/working_papers/w28637/w28637.pdf
Vitalik Buterin: On Radical Markets,Academic/Research,Vitalik Buterin,Scanned,https://www.progress.org/wiki/buterin-on-radical-markets/,Medium,0,2018,supplementary,Paper,https://vitalik.eth.limo/general/2018/04/20/radical_markets.html
"Most of the modern rise in the capital share is land, not capital",Outcomes,,Scanned,https://www.progress.org/wiki/capital-share-rise-is-land/,Medium,4,,,Outcome,
Center for Land Economics,Website/Org,,Scanned,https://www.progress.org/wiki/center-for-land-economics/,Medium,0,,,Website/Org,https://landeconomics.org/
Citizen's Dividend,Concepts,,Scanned,https://www.progress.org/wiki/citizens-dividend/,Medium,12,,,Concept,
Common Ground USA,Website/Org,,Scanned,https://www.progress.org/wiki/common-ground-usa/,Medium,0,,,Website/Org,https://commonground-usa.net/
Community Land Trust,Concepts,,Scanned,https://www.progress.org/wiki/community-land-trust/,Medium,0,,,Concept,
David Ricardo,People,,Scanned,https://www.progress.org/wiki/david-ricardo/,Medium,4,,,Person,
Deadweight Loss,Concepts,,Scanned,https://www.progress.org/wiki/deadweight-loss/,Medium,20,,,Concept,
Denmark,Places,,Scanned,https://www.progress.org/wiki/denmark/,Medium,4,,,Place,
Detroit Land Value Tax Proposal (2023–24),Events,,Scanned,https://www.progress.org/wiki/detroit-lvt-proposal/,Medium,0,2023,,Event,
Dominic Frisby,People,,Scanned,https://www.progress.org/wiki/dominic-frisby/,Medium,1,,,Person,
"Book Review: Progress and Poverty (Doucet, ACX Contest Winner)",Academic/Research,Lars Doucet,Scanned,https://www.progress.org/wiki/doucet-acx-book-review/,Medium,0,2021,core,Paper,https://gameofrent.com/content/progress-and-poverty-review
"Does Georgism Work? (Doucet, ACX series)",Academic/Research,Lars Doucet,Scanned,https://www.progress.org/wiki/doucet-does-georgism-work/,Medium,9,2021,core,Paper,https://www.astralcodexten.com/p/does-georgism-work-is-land-really
Lars Doucet on the Dwarkesh Podcast,Academic/Research,Dwarkesh Patel; Lars Doucet,Scanned,https://www.progress.org/wiki/dwarkesh-doucet-podcast/,Medium,0,2023,core,Paper,https://www.dwarkesh.com/p/lars-doucet
Assessing the Theory and Practice of Land Value Taxation,Academic/Research,Richard F. Dye; Richard W. England,Scanned,https://www.progress.org/wiki/dye-england-assessing-lvt/,Medium,10,2010,core,Paper,https://www.lincolninst.edu/publications/policy-focus-reports/assessing-theory-practice-land-value-taxation/
Earthsharing Australia,Website/Org,,Scanned,https://www.progress.org/wiki/earthsharing-australia/,Medium,2,,,Website/Org,https://www.earthsharing.org.au/
The Georgist Podcourse (Earthsharing),Academic/Research,Karl Fitzgerald; Earthsharing Australia,Scanned,https://www.progress.org/wiki/earthsharing-podcourse/,Medium,0,2019,supplementary,Paper,http://www.earthsharing.org.au/2019/05/the-georgist-podcourse/
Ebenezer Howard,People,,Scanned,https://www.progress.org/wiki/ebenezer-howard/,Medium,2,,,Person,
Ecological Georgism,Concepts,,Scanned,https://www.progress.org/wiki/ecological-georgism/,Medium,4,,,Concept,
Economic Rent,Concepts,,Scanned,https://www.progress.org/wiki/economic-rent/,Medium,31,,,Concept,
Estonia,Places,,Scanned,https://www.progress.org/wiki/estonia/,Medium,7,,,Place,
LVT and Urban Agglomeration Dynamics,Academic/Research,Fiorentino; Moogan,Scanned,https://www.progress.org/wiki/fiorentino-moogan-agglomeration/,Medium,0,2025,supplementary,Paper,https://papers.ssrn.com/sol3/papers.cfm?abstract_id=5588585
Fred Foldvary,People,,Scanned,https://www.progress.org/wiki/fred-foldvary/,Medium,1,,,Person,
Fred Harrison,People,,Scanned,https://www.progress.org/wiki/fred-harrison/,Medium,9,,,Person,
Homer Hoyt,People,,Scanned,https://www.progress.org/wiki/homer-hoyt/,Medium,14,,,Person,
The Hidden Taxable Capacity of Land: Enough and to Spare,Academic/Research,Mason Gaffney,Scanned,https://www.progress.org/wiki/gaffney-hidden-taxable-capacity/,Medium,6,2009,core,Paper,https://economics.ucr.edu/papers/papers08/08-12old.pdf
Neo-classical Economics as a Stratagem Against Henry George,Academic/Research,Mason Gaffney,Scanned,https://www.progress.org/wiki/gaffney-neoclassical-stratagem/,Medium,3,1994,core,Paper,https://www.masongaffney.org/publications/K1Neo-classical_Stratagem.CV.pdf
Geolibertarianism,Concepts,,Scanned,https://www.progress.org/wiki/geolibertarianism/,Medium,7,,,Concept,
Georgism,Concepts,,Scanned,https://www.progress.org/wiki/georgism/,Medium,9,,,Concept,
Georgism Video Explainers,Academic/Research,Various,Scanned,https://www.progress.org/wiki/georgism-video-explainers/,Medium,0,2022,important,Paper,https://www.youtube.com/watch?v=smi_iIoKybg
Post-Corona Balanced-Budget Super-Stimulus: The Case for Shifting Taxes onto Land,Academic/Research,Charles Goodhart; Michael Hudson; Michael Kumhof; Nicolaus Tideman,Scanned,https://www.progress.org/wiki/goodhart-stimulus/,Medium,4,2021,core,Paper,https://papers.ssrn.com/sol3/papers.cfm?abstract_id=3954888
Ground Rent,Concepts,,Scanned,https://www.progress.org/wiki/ground-rent/,Medium,0,,,Concept,
Harberger Tax (COST),Concepts,,Scanned,https://www.progress.org/wiki/harberger-tax/,Medium,6,,,Concept,
"Harrisburg, Pennsylvania",Places,,Scanned,https://www.progress.org/wiki/harrisburg-pennsylvania/,Medium,8,,,Place,
Henry George,People,,Scanned,https://www.progress.org/wiki/henry-george/,Medium,27,,,Person,
Henry George Foundation (UK),Website/Org,,Scanned,https://www.progress.org/wiki/henry-george-foundation-uk/,Medium,1,,,Website/Org,https://henrygeorgefoundation.org/
Henry George School of Social Science,Website/Org,,Scanned,https://www.progress.org/wiki/henry-george-school/,Medium,3,,,Website/Org,https://www.hgsss.org/
Henry George Theorem,Concepts,,Scanned,https://www.progress.org/wiki/henry-george-theorem/,Medium,15,,,Concept,
High land rents suppress productivity,Outcomes,,Scanned,https://www.progress.org/wiki/high-land-rents-suppress-productivity/,Medium,2,,,Outcome,
Hong Kong,Places,,Scanned,https://www.progress.org/wiki/hong-kong/,Medium,4,,,Place,
Taxing Immovable Property: Revenue Potential and Implementation Challenges,Academic/Research,John Norregaard,Scanned,https://www.progress.org/wiki/imf-taxing-immovable-property/,Medium,3,2013,important,Paper,https://www.imf.org/external/pubs/ft/wp/2013/wp13129.pdf
International Union for Land Value Taxation,Website/Org,,Scanned,https://www.progress.org/wiki/international-union-lvt/,Medium,4,,,Website/Org,https://www.theIU.org/
John Stuart Mill,People,,Scanned,https://www.progress.org/wiki/john-stuart-mill/,Medium,1,,,Person,
Joseph Stiglitz,People,,Scanned,https://www.progress.org/wiki/joseph-stiglitz/,Medium,6,,,Person,
Josh Ryan-Collins,People,,Scanned,https://www.progress.org/wiki/josh-ryan-collins/,Medium,0,,,Person,
Market Power and Income Taxation,Academic/Research,Louis Kaplow,Scanned,https://www.progress.org/wiki/kaplow-market-power/,Medium,0,2019,supplementary,Paper,https://papers.ssrn.com/sol3/papers.cfm?abstract_id=3341238
Karl Fitzgerald,People,,Scanned,https://www.progress.org/wiki/karl-fitzgerald/,Medium,3,,,Person,
Labour Land Campaign,Website/Org,,Scanned,https://www.progress.org/wiki/labour-land-campaign/,Medium,2,,,Website/Org,https://www.labourland.org/
Objection: Land value can't be assessed accurately,Objections,,Scanned,https://www.progress.org/wiki/land-cannot-be-assessed/,Medium,15,,,Objection,
Objection: Singapore and Hong Kong capture land value yet have costly housing,Objections,,Scanned,https://www.progress.org/wiki/land-capture-didnt-make-housing-cheap/,Medium,1,,,Objection,
Land Matters Podcast (Lincoln Institute),Academic/Research,Lincoln Institute of Land Policy,Scanned,https://www.progress.org/wiki/land-matters-podcast/,Medium,0,2024,important,Paper,https://www.lincolninst.edu/podcasts/land-matters/
Land Monopoly,Concepts,,Scanned,https://www.progress.org/wiki/land-monopoly/,Medium,14,,,Concept,
Land rent could fund a large share of government,Outcomes,,Scanned,https://www.progress.org/wiki/land-rent-could-fund-government/,Medium,3,,,Outcome,
Land Value Capture,Concepts,,Scanned,https://www.progress.org/wiki/land-value-capture/,Medium,10,,,Concept,
Land Value Tax,Concepts,,Scanned,https://www.progress.org/wiki/land-value-tax/,Medium,58,,,Concept,
A land value tax can be progressive,Outcomes,,Scanned,https://www.progress.org/wiki/land-value-tax-can-be-progressive/,Medium,1,,,Outcome,
Landlords cannot pass a land value tax on to tenants,Outcomes,,Scanned,https://www.progress.org/wiki/landlords-cannot-pass-lvt-to-tenants/,Medium,5,,,Outcome,
Lars Doucet,People,,Scanned,https://www.progress.org/wiki/lars-doucet/,Medium,5,,,Person,
Leo Tolstoy,People,,Scanned,https://www.progress.org/wiki/leo-tolstoy/,Medium,0,,,Person,
Lincoln Institute of Land Policy,Website/Org,,Scanned,https://www.progress.org/wiki/lincoln-institute/,Medium,8,,,Website/Org,https://www.lincolninst.edu/
Objection: the Austrian critique of LVT,Objections,,Scanned,https://www.progress.org/wiki/lvt-austrian-critique/,Medium,1,,,Objection,
LVT can replace capital taxes without efficiency loss,Outcomes,,Scanned,https://www.progress.org/wiki/lvt-can-replace-capital-taxes-without-efficiency-loss/,Medium,3,,,Outcome,
Land value taxation dampens land speculation,Outcomes,,Scanned,https://www.progress.org/wiki/lvt-dampens-land-speculation/,Medium,1,,,Outcome,
"Objection: LVT hurts the 'asset-rich, cash-poor'",Objections,,Scanned,https://www.progress.org/wiki/lvt-hurts-asset-rich-cash-poor/,Medium,3,,,Objection,
Objection: LVT would hurt farmers and rural landowners,Objections,,Scanned,https://www.progress.org/wiki/lvt-hurts-farmers/,Medium,0,,,Objection,
Land value taxation can improve housing affordability,Outcomes,,Scanned,https://www.progress.org/wiki/lvt-improves-housing-affordability/,Medium,2,,,Outcome,
Objection: LVT is just a property tax with extra steps,Objections,,Scanned,https://www.progress.org/wiki/lvt-is-just-a-property-tax/,Medium,0,,,Objection,
Objection: LVT can't raise enough revenue,Objections,,Scanned,https://www.progress.org/wiki/lvt-not-enough-revenue/,Medium,2,,,Objection,
Advancing Land Value Taxation: Research Priorities for 2025 and Beyond,Academic/Research,Progress and Poverty Institute,Scanned,https://www.progress.org/wiki/lvt-research-priorities-2025/,Medium,0,2025,supplementary,Paper,https://progressandpovertyinstitute.org/advancing-land-value-taxation-research-priorities-for-2025-and-beyond/
Objection: LVT inflicts a one-time wealth shock on current owners,Objections,,Scanned,https://www.progress.org/wiki/lvt-transition-wealth-shock/,Medium,2,,,Objection,
Mariana Mazzucato,People,,Scanned,https://www.progress.org/wiki/mariana-mazzucato/,Medium,1,,,Person,
"Natural Resource Rents, Local Taxes, and Government Performance: Colombia",Academic/Research,Luis Martinez,Scanned,https://www.progress.org/wiki/martinez-colombia-resource-rents/,Medium,0,2018,supplementary,Paper,https://papers.ssrn.com/sol3/papers.cfm?abstract_id=3273001
Mason Gaffney,People,,Scanned,https://www.progress.org/wiki/mason-gaffney/,Medium,7,,,Person,
Mapping Modern Economic Rents,Academic/Research,Mariana Mazzucato; Josh Ryan-Collins; Giorgos Gouzoulis,Scanned,https://www.progress.org/wiki/mazzucato-mapping-rents/,Medium,10,2023,important,Paper,https://discovery.ucl.ac.uk/id/eprint/10172018/1/bead013.pdf
Michael Hudson,People,,Scanned,https://www.progress.org/wiki/michael-hudson/,Medium,6,,,Person,
Milton Friedman,People,,Scanned,https://www.progress.org/wiki/milton-friedman/,Medium,2,,,Person,
The Modern Georgism of Respected Economists,Academic/Research,Progress and Poverty Institute,Scanned,https://www.progress.org/wiki/modern-georgism-respected-economists/,Medium,0,2023,important,Paper,https://progressandpoverty.substack.com/p/the-modern-georgism-of-respected
Implicit Land Taxes and Their Effect on the Real Economy,Academic/Research,Daniel Murphy; Nathan Seegert,Scanned,https://www.progress.org/wiki/murphy-seegert-implicit-land-taxes/,Medium,0,2023,important,Paper,https://www.maxwell.syr.edu/docs/default-source/research/cpr/property-tax-webinar-series/2023-2024/murphyseegert-landtax-accessible.pdf
"New South Wales, Australia",Places,,Scanned,https://www.progress.org/wiki/new-south-wales/,Medium,2,,,Place,
Nicolaus Tideman,People,,Scanned,https://www.progress.org/wiki/nicolaus-tideman/,Medium,3,,,Person,
Noah Smith on Georgism,Academic/Research,Noah Smith,Scanned,https://www.progress.org/wiki/noah-smith-on-georgism/,Medium,0,2015,important,Paper,https://www.noahpinion.blog/p/how-to-sell-georgism-to-the-middle
The Impact of Urban Land Taxation: The Pittsburgh Experience,Academic/Research,Wallace E. Oates; Robert M. Schwab,Scanned,https://www.progress.org/wiki/oates-schwab-pittsburgh/,Medium,11,1997,core,Paper,https://cooperative-individualism.org/oates-wallace_the-impact-of-urban-land-taxation-1997-mar.pdf
"Henry George, Land Speculation, and Economic Growth (Oxford Review, 2025)",Academic/Research,Various,Scanned,https://www.progress.org/wiki/oxford-review-george-2025/,Medium,0,2025,important,Paper,https://academic.oup.com/oxrep/article/41/2/326/8320563
Pennsylvania,Places,,Scanned,https://www.progress.org/wiki/pennsylvania/,Medium,1,,,Place,
"Pittsburgh, Pennsylvania",Places,,Scanned,https://www.progress.org/wiki/pittsburgh/,Medium,5,,,Place,
A Markov Chain Monte Carlo Analysis of the Effect of Two-Rate Property Taxes on Construction,Academic/Research,Florenz Plassmann; Nicolaus Tideman,Scanned,https://www.progress.org/wiki/plassmann-tideman-construction/,Medium,10,2000,core,Paper,https://www.sciencedirect.com/science/article/abs/pii/S009411909992140X
Progress and Poverty,Academic/Research,,Scanned,https://www.progress.org/wiki/progress-and-poverty/,Medium,30,1879,,Paper,https://www.gutenberg.org/ebooks/55308
Higher property-tax rates raise welfare in developing countries,Outcomes,,Scanned,https://www.progress.org/wiki/property-tax-raises-welfare-developing/,Medium,2,,,Outcome,
Prosper Australia,Website/Org,,Scanned,https://www.progress.org/wiki/prosper-australia/,Medium,11,,,Website/Org,https://www.prosper.org.au/
Protection or Free Trade,Academic/Research,Henry George,Scanned,https://www.progress.org/wiki/protection-or-free-trade/,Medium,0,1886,important,Paper,https://www.henrygeorge.org/
Public goods can be funded from the land rent they create,Outcomes,,Scanned,https://www.progress.org/wiki/public-goods-fundable-from-land-rent/,Medium,2,,,Outcome,
Public investment capitalizes into nearby land values,Outcomes,,Scanned,https://www.progress.org/wiki/public-investment-capitalizes-into-land/,Medium,0,,,Outcome,
Renegade Economists Podcast,Academic/Research,Karl Fitzgerald,Scanned,https://www.progress.org/wiki/renegade-economists-podcast/,Medium,0,2021,important,Paper,https://www.prosper.org.au/radio/
Rent-Seeking,Concepts,,Scanned,https://www.progress.org/wiki/rent-seeking/,Medium,9,,,Concept,
Resource-rent dividends are workable and durable,Outcomes,,Scanned,https://www.progress.org/wiki/resource-rent-dividends-work/,Medium,3,,,Outcome,
Resource Rents,Concepts,,Scanned,https://www.progress.org/wiki/resource-rents/,Medium,10,,,Concept,
Fairness of Land Value Taxation: A Rawlsian Derivation,Academic/Research,Rhee,Scanned,https://www.progress.org/wiki/rhee-rawlsian-lvt/,Medium,0,2024,supplementary,Paper,https://papers.ssrn.com/sol3/papers.cfm?abstract_id=4797126
Taxes and Rents: The Power of Tax Policy to Shape Pre-Tax Income,Academic/Research,Kenneth Austin Richards,Scanned,https://www.progress.org/wiki/richards-taxes-and-rents/,Medium,0,2019,supplementary,Paper,https://papers.ssrn.com/sol3/papers.cfm?abstract_id=3330239
Deciphering the Fall and Rise in the Net Capital Share,Academic/Research,Matthew Rognlie,Scanned,https://www.progress.org/wiki/rognlie-capital-share/,Medium,13,2015,core,Paper,https://mattrognlie.com/brookings_capitalshare.pdf
A Note on Piketty and Diminishing Returns to Capital,Academic/Research,Matthew Rognlie,Scanned,https://www.progress.org/wiki/rognlie-piketty-note/,Medium,0,2014,core,Paper,https://gabriel-zucman.eu/files/teaching/Rognlie14.pdf
Optimal Taxation with Rent-Seeking,Academic/Research,Casey Rothschild; Florian Scheuer,Scanned,https://www.progress.org/wiki/rothschild-scheuer-rent-seeking/,Medium,0,2011,supplementary,Paper,https://www.nber.org/system/files/working_papers/w17035/w17035.pdf
Robert Schalkenbach Foundation,Website/Org,,Scanned,https://www.progress.org/wiki/schalkenbach-foundation/,Medium,10,,,Website/Org,https://schalkenbach.org/
School of Cooperative Individualism,Website/Org,,Scanned,https://www.progress.org/wiki/school-of-cooperative-individualism/,Medium,0,,,Website/Org,https://cooperative-individualism.org/
Equity and Efficiency Effects of Land Value Taxation,Academic/Research,Gregor Schwerhoff; Ottmar Edenhofer; Marc Fleurbaey,Scanned,https://www.progress.org/wiki/schwerhoff-imf-equity-efficiency/,Medium,2,2022,important,Paper,https://www.imf.org/-/media/files/publications/wp/2022/english/wpiea2022263-print-pdf.pdf
The Science of Political Economy,Academic/Research,Henry George,Scanned,https://www.progress.org/wiki/science-of-political-economy/,Medium,0,1898,supplementary,Paper,https://www.henrygeorge.org/
Singapore,Places,,Scanned,https://www.progress.org/wiki/singapore/,Medium,6,,,Place,
Single Tax,Concepts,,Scanned,https://www.progress.org/wiki/single-tax/,Medium,21,,,Concept,
The Single-Tax Colonies (Fairhope & Arden),Events,,Scanned,https://www.progress.org/wiki/single-tax-colonies/,Medium,3,1894,,Event,
Social Problems,Academic/Research,Henry George,Scanned,https://www.progress.org/wiki/social-problems/,Medium,0,1883,core,Paper,https://www.henrygeorge.org/
From Soil to Servers: Persistent Neglect of Land Resources and Digital-Age Rents,Academic/Research,Mises et al.,Scanned,https://www.progress.org/wiki/soil-to-servers-digital-rents/,Medium,0,2025,supplementary,Paper,https://www.mdpi.com/2073-445X/14/2/341
Speculative Vacancy,Concepts,,Scanned,https://www.progress.org/wiki/speculative-vacancy/,Medium,7,,,Concept,
Split-rate taxation increases urban construction,Outcomes,,Scanned,https://www.progress.org/wiki/split-rate-increases-construction/,Medium,10,,,Outcome,
Split-Rate Taxation,Concepts,,Scanned,https://www.progress.org/wiki/split-rate-taxation/,Medium,8,,,Concept,
The Theory of Local Public Goods,Academic/Research,Joseph Stiglitz,Scanned,https://www.progress.org/wiki/stiglitz-theory-local-public-goods/,Medium,0,1977,core,Paper,https://www.nber.org/
Sun Yat-sen,People,,Scanned,https://www.progress.org/wiki/sun-yat-sen/,Medium,0,,,Person,
Taiwan,Places,,Scanned,https://www.progress.org/wiki/taiwan/,Medium,6,,,Place,
Tax Capitalization,Concepts,,Scanned,https://www.progress.org/wiki/tax-capitalization/,Medium,3,,,Concept,
The Land Question,Academic/Research,Henry George,Scanned,https://www.progress.org/wiki/the-land-question/,Heavy,0,1881,important,Paper,https://www.henrygeorge.org/
Providing Incentives for Efficient Land Assembly,Academic/Research,Nicolaus Tideman; Florenz Plassmann,Scanned,https://www.progress.org/wiki/tideman-plassmann-land-assembly/,Medium,0,2008,supplementary,Paper,https://papers.ssrn.com/sol3/papers.cfm?abstract_id=1015820
Tom L. Johnson,People,,Scanned,https://www.progress.org/wiki/tom-l-johnson/,Medium,1,,,Person,
Sustainable Urban Development and Land Value Taxation: The Case of Estonia,Academic/Research,Aivar Tomson,Scanned,https://www.progress.org/wiki/tomson-estonia-lvt/,Medium,4,2016,important,Paper,https://www.sciencedirect.com/science/article/abs/pii/S0264837716304999
Unearned Increment,Concepts,,Scanned,https://www.progress.org/wiki/unearned-increment/,Medium,18,,,Concept,
William Vickrey,People,,Scanned,https://www.progress.org/wiki/william-vickrey/,Medium,1,,,Person,
Determinants of Property Tax Revenue: Lessons from Empirical Analysis,Academic/Research,World Bank,Scanned,https://www.progress.org/wiki/world-bank-property-tax-determinants/,Medium,0,2020,important,Paper,https://documents1.worldbank.org/curated/en/360151600192574693/pdf/Determinants-of-Property-Tax-Revenue-Lessons-from-Empirical-Analysis.pdf
Common Wealth Canada,Website/Org,,Scanned,https://www.progress.org/wiki/common-wealth-canada/,Medium,0,ongoing,Important,Website,https://commonwealth.ca/
Natural Common Wealth and Economic Rent in Canada,Online Writing,,Scanned,https://www.progress.org/wiki/natural-common-wealth-economic-rent-canada/,Medium,0,2023,Important,Report,https://commonwealth.ca/report
B.C. Has Been Here Before: Land Value Taxation in British Columbia,Online Writing,,Scanned,https://www.progress.org/wiki/british-columbia/,Medium,0,2026,Important,Article,https://commonwealth.ca/blog/history-of-bc
Assessing the Distributional Impacts of a Land Value Tax,Online Writing,,Scanned,https://www.progress.org/wiki/cwc-distributional-impacts-lvt/,Medium,0,2024,Supplementary,Report,https://commonwealth.ca/research/distributional-impacts
Modeling the Price Reaction to the Implementation of a Land Value Tax,Online Writing,,Scanned,https://www.progress.org/wiki/cwc-lvt-price-reaction-model/,Medium,0,2024,Supplementary,Report,https://commonwealth.ca/research/lvt-sensitivity-analysis
The Common Wealth Fund,Online Writing,,Scanned,https://www.progress.org/wiki/common-wealth-fund/,Medium,0,2024,Supplementary,Report,https://commonwealth.ca/fund
Effects of Split-Rate Taxation on Tax Base,Academic Paper,Zhou Yang; Zackary B. Hawley,Scanned,https://www.progress.org/wiki/yang-split-rate-tax-base/,Medium,2,2022,Important,Paper,https://journals.sagepub.com/doi/10.1177/10911421221129956
Building Tax Capacity for Growth and Development: Evidence-Based Analysis for Mobilizing Domestic Revenue (IMF DP 2025/007),Report,IMF Fiscal Affairs Department (Baer et al.),Scanned,https://www.progress.org/wiki/imf-building-tax-capacity/,Heavy,1,2025,supplementary,Report,https://www.imf.org/-/media/files/publications/dp/2025/english/btcgdea.pdf
Arbitrary Lines: How Zoning Broke the American City,Modern Book,M. Nolan Gray,Not scanned,,—,0,2022,Supplementary,Book,https://islandpress.org/books/arbitrary-lines
Order Without Design: How Markets Shape Cities,Modern Book,Alain Bertaud,Not scanned,,—,0,2018,Supplementary,Book,https://mitpress.mit.edu/9780262550970/order-without-design/
Escaping the Housing Trap: The Strong Towns Response,Modern Book,Charles Marohn; Daniel Herriges,Not scanned,,—,0,2024,Supplementary,Book,
The Mirrlees Review: Tax by Design,Academic Paper,IFS / James Mirrlees et al.,Scanned,https://www.progress.org/wiki/mirrlees-review/,Medium,0,2011,Core,Report,https://ifs.org.uk/books/tax-design
Public Goods and Private Communities: The Market Provision of Social Services,Modern Book,Fred Foldvary,Scanned,https://www.progress.org/wiki/foldvary-public-revenue/,Medium,0,1994,important,Book,https://ideas.repec.org/b/elg/eebook/167.html
Rethinking the Economics of Land and Housing,Modern Book,Josh Ryan-Collins; Toby Lloyd; Laurie Macfarlane,Scanned,https://www.progress.org/wiki/ryan-collins-rethinking-land-housing/,Medium,0,2017,Important,Book,https://neweconomics.org/2017/02/rethinking-economics-land-housing
Principles of Political Economy,Primary Text,John Stuart Mill,Scanned,https://www.progress.org/wiki/mill-principles-land/,Medium,1,1848,core,Book,https://www.econlib.org/library/Mill/mlP.html
"Programme of the Land Tenure Reform Association, with an Explanatory Statement",Primary Text,John Stuart Mill,Scanned,,Medium,1,1871,supplementary,Paper,
The People's Rights,Primary Text,Winston Churchill,Scanned,https://www.progress.org/wiki/churchill-peoples-rights/,Medium,1,1910,important,Book,https://archive.org/details/peoplesrights00chur
Limehouse speech (text),Primary Text,David Lloyd George,Scanned,,Light,1,1909,supplementary,Speech,https://speakola.com/political/david-lloyd-george-limehouse-peoples-bedget-1909
The Single Tax: Economic and Moral Implications,Online Writing,Murray Rothbard,Scanned,https://www.progress.org/wiki/rothbard-single-tax/,Medium,1,1957,important,Paper,https://mises.org/library/single-tax-economic-and-moral-implications
The Lloyd George Land Taxes,Academic Paper,Roy Douglas,Scanned,,Light,1,,supplementary,Paper,https://liberalhistory.org.uk/wp-content/uploads/2014/10/73_Douglas_Lloyd_George_land_taxes.pdf
"Capitalism, Socialism, and Democracy: A Symposium (Friedman, 'least bad tax')",Online Writing,Milton Friedman,Scanned,,Light,1,1978,important,Article,https://miltonfriedman.hoover.org/objects/56741/capitalism-socialism-and-democracy-a-symposium
The Hidden Wealth of Nations: The Scourge of Tax Havens,Modern Book,Gabriel Zucman,Scanned,,Light,1,2015,supplementary,Book,https://press.uchicago.edu/ucp/books/book/chicago/H/bo20159386.html
"Nearly 52,000 UK properties still owned anonymously despite new transparency law",Online Writing,Transparency International UK,Scanned,,Light,1,2024,supplementary,Article,https://www.transparency.org.uk/uk-property-register-overseas-companies-loopholes
Killing the Host: How Financial Parasites and Debt Bondage Destroy the Global Economy,Modern Book,Michael Hudson,Scanned,https://www.progress.org/wiki/hudson-killing-the-host/,Medium,1,2015,important,Book,https://archive.org/details/isbn_9780989763752
The Value of Everything: Making and Taking in the Global Economy,Modern Book,Mariana Mazzucato,Scanned,https://www.progress.org/wiki/mazzucato-value-of-everything/,Medium,1,2018,important,Book,https://www.penguin.co.uk/books/301195/the-value-of-everything-by-mazzucato-mariana/9780141980768
The Financialization of the American Economy,Academic Paper,Greta Krippner,Scanned,,Light,1,2005,supplementary,Paper,https://papers.ssrn.com/sol3/papers.cfm?abstract_id=811461
The Fall of the Labor Share and the Rise of Superstar Firms,Academic Paper,Autor; Dorn; Katz; Patterson; Van Reenen,Scanned,https://www.progress.org/wiki/autor-superstar-firms/,Medium,1,2020,important,Paper,https://www.nber.org/papers/w23396
One Hundred Years of Land Values in Chicago,Modern Book,Homer Hoyt,Scanned,https://www.progress.org/wiki/hoyt-chicago-land-values/,Medium,3,1933,important,Book,https://archive.org/details/onehundredyearso00hoytrich
The Business Cycle: A Georgist-Austrian Synthesis,Academic Paper,Fred E. Foldvary,Scanned,https://www.progress.org/wiki/foldvary-business-cycle-synthesis/,Medium,4,1997,important,Paper,https://www.jstor.org/stable/3487330
The Depression of 2026,Online Writing,Fred Foldvary,Scanned,,Light,1,2012,supplementary,Article,https://www.progress.org/articles/the-depression-of-2026
An Award for Calling the Crash,Academic Paper,Mason Gaffney,Scanned,,Light,1,2011,supplementary,Paper,https://econjwatch.org/articles/an-award-for-calling-the-crash
The Financial Cycle and Macroeconomics: What Have We Learnt?,Academic Paper,Claudio Borio,Scanned,,Light,1,2012,important,Paper,https://www.bis.org/publ/work395.htm
'No One Saw This Coming': Understanding Financial Crisis Through Accounting Models,Academic Paper,Dirk Bezemer,Scanned,,Light,1,2009,supplementary,Paper,https://research.rug.nl/en/publications/no-one-saw-this-coming-understanding-financial-crisis-through-ac
"The Great Mortgaging: Housing Finance, Crises, and Business Cycles",Academic Paper,Òscar Jordà; Moritz Schularick; Alan M. Taylor,Scanned,https://www.progress.org/wiki/great-mortgaging/,Medium,2,2014,important,Paper,https://www.nber.org/papers/w20501
The 18-Year Pattern Predicting 2027's Market Crash (progress.org),Online Writing,Unattributed [VERIFY],Scanned,https://www.progress.org/wiki/progress-18-6-year-cycle/,Medium,6,2026,supplementary,Article,https://www.progress.org/articles/18-6-year-real-estate-cycle/
The Labor Market Impacts of Universal and Permanent Cash Transfers: Evidence from the Alaska Permanent Fund,Academic Paper,Damon Jones; Ioana Marinescu,Scanned,https://www.progress.org/wiki/jones-marinescu-alaska-pfd/,Medium,1,2022,core,Paper,https://www.nber.org/papers/w24312
Intergenerational Equity and the Investing of Rents from Exhaustible Resources (Hartwick's Rule),Academic Paper,John M. Hartwick,Scanned,https://www.progress.org/wiki/hartwick-rule/,Medium,1,1977,core,Paper,https://www.jstor.org/stable/1828079
"Resource Rents, Redistribution, and Halving Global Poverty: The Resource Dividend",Academic Paper,Paul Segal,Scanned,https://www.progress.org/wiki/segal-resource-dividend/,Medium,1,2011,important,Paper,https://doi.org/10.1016/j.worlddev.2010.08.013
The Rise of Market Power and the Macroeconomic Implications,Academic Paper,Jan De Loecker; Jan Eeckhout; Gabriel Unger,Scanned,https://www.progress.org/wiki/de-loecker-eeckhout-unger-markups/,Medium,1,2020,core,Paper,https://doi.org/10.1093/qje/qjz041
The Effects of Property Taxes and Local Public Spending on Property Values,Academic Paper,Wallace E. Oates,Scanned,https://www.progress.org/wiki/oates-1969-capitalization/,Medium,1,1969,core,Paper,https://www.jstor.org/stable/1837209
A meta-analysis of the impact of rail projects on land and property values,Academic Paper,Mohammad; Graham; Melo; Anderson,Scanned,https://www.progress.org/wiki/mohammad-rail-meta-analysis/,Medium,1,2013,important,Paper,https://doi.org/10.1016/j.tra.2013.01.013
Housing Constraints and Spatial Misallocation,Academic Paper,Chang-Tai Hsieh; Enrico Moretti,Scanned,https://www.progress.org/wiki/hsieh-moretti-spatial-misallocation/,Medium,1,2019,core,Paper,https://www.aeaweb.org/articles?id=10.1257/mac.20170388
Alaska's Permanent Fund Dividend: Examining Its Suitability as a Model,Modern Book,Karl Widerquist; Michael W. Howard (eds.),Scanned,https://www.progress.org/wiki/widerquist-howard-pfd/,Medium,1,2012,important,Book,https://link.springer.com/book/10.1057/9781137015020
Valuing Rail Access Using Transport Innovations,Academic Paper,Stephen Gibbons; Stephen Machin,Scanned,https://www.progress.org/wiki/gibbons-machin-rail-access/,Medium,1,2005,important,Paper,https://doi.org/10.1016/j.jue.2004.10.002
"House Price Uncertainty, Timing of Development, and Vacant Land Prices: Evidence for Real Options in Seattle",Academic Paper,Christopher R. Cunningham,Scanned,https://www.progress.org/wiki/cunningham-seattle-options/,Medium,1,2006,important,Paper,https://doi.org/10.1016/j.jue.2005.08.003
Taxation and Economic Growth (OECD Working Paper 620),Academic Paper,Johansson; Heady; Arnold; Brys; Vartia,Scanned,https://www.progress.org/wiki/oecd-taxation-economic-growth/,Medium,1,2008,core,Paper,https://www.oecd.org/en/publications/taxation-and-economic-growth_241216205486.html
Tax Policy for Economic Recovery and Growth,Academic Paper,Arnold; Brys; Heady; Johansson; Schwellnus; Vartia,Scanned,https://www.progress.org/wiki/arnold-tax-growth-ej/,Medium,1,2011,important,Paper,https://doi.org/10.1111/j.1468-0297.2010.02415.x
The Property Tax: An Excise Tax or a Profits Tax?,Academic Paper,Peter Mieszkowski,Scanned,https://www.progress.org/wiki/mieszkowski-property-tax-incidence/,Medium,1,1972,core,Paper,https://doi.org/10.1016/0047-2727(72)90020-5
"No Price Like Home: Global House Prices, 1870-2012",Academic Paper,Katharina Knoll; Moritz Schularick; Thomas Steger,Scanned,https://www.progress.org/wiki/knoll-schularick-steger-house-prices/,Medium,1,2017,core,Paper,https://doi.org/10.1257/aer.20150501
Zoning and Property Taxation in a System of Local Governments (benefit view),Academic Paper,Bruce W. Hamilton,Scanned,https://www.progress.org/wiki/hamilton-benefit-tax/,Medium,1,1975,important,Paper,https://doi.org/10.1080/00420987520080471
The Property Tax as a Capital Tax: A Room with Three Views,Academic Paper,George R. Zodrow,Scanned,https://www.progress.org/wiki/zodrow-three-views/,Medium,1,2001,important,Paper,https://doi.org/10.17310/ntj.2001.1.07
A Modern Analysis of the Effects of Site Value Taxation,Academic Paper,Jan K. Brueckner,Scanned,https://www.progress.org/wiki/brueckner-site-value-taxation/,Medium,1,1986,core,Paper,https://doi.org/10.1086/NTJ41792157
Can the Land Tax Help Curb Urban Sprawl? Evidence from Growth Patterns in Pennsylvania,Academic Paper,H. Spencer Banzhaf; Nathan Lavery,Scanned,https://www.progress.org/wiki/banzhaf-lavery-pa-sprawl/,Medium,2,2010,important,Paper,https://doi.org/10.1016/j.jue.2009.08.005
A Nation of Gamblers: Real Estate Speculation and American History,Academic Paper,Edward L. Glaeser,Scanned,https://www.progress.org/wiki/glaeser-real-estate-bubbles/,Medium,2,2013,important,Paper,https://doi.org/10.1257/aer.103.3.1
Is There a Bubble in the Housing Market?,Academic Paper,Karl E. Case; Robert J. Shiller,Scanned,https://www.progress.org/wiki/case-shiller-2003-bubble/,Medium,2,2003,important,Paper,https://www.brookings.edu/wp-content/uploads/2003/06/2003b_bpea_caseshiller.pdf
Do Local Property Taxes Affect New Building Development? Results from a Quasi-Natural Experiment in New Zealand,Academic Paper,Norman Gemmell; Arthur Grimes; Mark Skidmore,Scanned,https://www.progress.org/wiki/gemmell-grimes-skidmore-nz/,Medium,2,2019,important,Paper,https://doi.org/10.1007/s11146-017-9651-y
The Geographic Determinants of Housing Supply,Academic Paper,Albert Saiz,Scanned,https://www.progress.org/wiki/saiz-housing-supply-elasticity/,Medium,2,2010,core,Paper,https://doi.org/10.1162/qjec.2010.125.3.1253
New Estimates of Value of Land of the United States,Academic Paper,William Larson,Scanned,https://www.progress.org/wiki/larson-us-land-value/,Medium,1,2015,core,Paper,https://www.bea.gov/research/papers/2015/new-estimates-value-land-united-states
New Evidence on Property Tax Capitalization,Academic Paper,Oded Palmon; Barton A. Smith,Scanned,https://www.progress.org/wiki/palmon-smith-capitalization/,Medium,1,1998,important,Paper,https://doi.org/10.1086/250041
Housing Prices Mortgage Interest Rates and the Rising Share of Capital Income in the United States,Academic Paper,Gianni La Cava,Scanned,https://www.progress.org/wiki/la-cava-housing-capital-share/,Medium,1,2016,important,Paper,https://www.bis.org/publ/work572.pdf
Land and Liberty: Henry George and the Single Tax Movement,Modern Book,Christopher England,Referenced,https://www.progress.org/wiki/david-lloyd-george/,Light,3,2023,important,Book,https://www.press.jhu.edu/books/title/12372/land-and-liberty
Land and Liberalism: Henry George and the Irish Land War,Academic Paper,Andrew Phemister,Referenced,https://www.progress.org/wiki/irish-land-war/,Light,2,2023,supplementary,Paper,https://eprints.ncl.ac.uk/286794
Land Value Taxation in Vancouver: Rent-Seeking and the Tax Revolt,Academic Paper,Christopher England,Referenced,https://www.progress.org/wiki/vancouver/,Light,2,2018,important,Paper,https://onlinelibrary.wiley.com/doi/10.1111/ajes.12218
"Single Tax City: Vancouver's Worldwide Celebrity, 1911",Blog,,Referenced,https://www.progress.org/wiki/l-d-taylor/,Light,2,2016,supplementary,Blog,https://oppositethecity.wordpress.com/2016/10/17/single-tax-city-vancouvers-worldwide-celebrity-1911/
Can Leasing Public Land Be an Alternative Source of Local Public Finance?,Academic Paper,Yu-Hung Hong,Referenced,https://www.progress.org/wiki/public-land-leasing/,Light,1,1996,supplementary,Paper,https://www.lincolninst.edu/app/uploads/legacy-files/pubfiles/145_hong96web.pdf
Policies and Mechanisms on Land Value Capture: Taiwan Case Study,Report,,Referenced,https://www.progress.org/wiki/land-value-increment-tax/,Light,1,1998,supplementary,Paper,https://www.lincolninst.edu/app/uploads/legacy-files/pubfiles/144_lamtsui98.pdf
Land and building separation based on Shapley values,Academic Paper,Kumar et al.,Referenced,https://www.progress.org/wiki/mass-appraisal-methods/,Light,2,2020,supplementary,Paper,https://www.nature.com/articles/s41599-020-0444-1
Radical Markets: Uprooting Capitalism and Democracy for a Just Society,Modern Book,Eric Posner; Glen Weyl,Scanned,https://www.progress.org/wiki/posner-weyl-radical-markets/,Deep,2,2018,supplementary,Book,https://press.princeton.edu/books/hardcover/9780691177502/radical-markets
Urban Growth and Its Aggregate Implications,Academic Paper,Gilles Duranton; Diego Puga,Scanned,https://www.progress.org/wiki/duranton-puga-urban-growth/,Medium,1,2023,important,Paper,https://doi.org/10.3982/ECTA17936
Evidence on the Distributional Effects of a Land Value Tax on Residential Households,Academic Paper,Elizabeth Plummer,Scanned,https://www.progress.org/wiki/plummer-lvt-distribution/,Medium,1,2010,important,Paper,https://doi.org/10.17310/ntj.2010.1.03
Distributional Consequences of Converting the Property Tax to a Land Value Tax: Replication and Extension of England and Zhao,Academic Paper,John H. Bowman; Michael E. Bell,Scanned,https://www.progress.org/wiki/bowman-bell-lvt-distribution/,Medium,1,2008,important,Paper,https://doi.org/10.17310/ntj.2008.4.02
Metropolitan Land Values,Academic Paper,David Albouy; Gabriel Ehrlich; Minchul Shin,Scanned,https://www.progress.org/wiki/albouy-ehrlich-shin-metro-land/,Medium,1,2018,important,Paper,https://doi.org/10.1162/rest_a_00710
"What Are Cities Worth? Land Rents, Local Productivity, and the Total Value of Amenities",Academic Paper,David Albouy,Scanned,https://www.progress.org/wiki/albouy-what-are-cities-worth/,Medium,1,2016,core,Paper,https://doi.org/10.1162/REST_a_00550
The Economic Implications of Housing Supply,Academic Paper,Edward L. Glaeser; Joseph Gyourko,Scanned,https://www.progress.org/wiki/glaeser-gyourko-housing-supply/,Medium,1,2018,core,Paper,https://pubs.aeaweb.org/doi/10.1257/jep.32.1.3
The Changing Wealth of Nations 2021: Managing Assets for the Future,Report,World Bank,Scanned,https://www.progress.org/wiki/world-bank-changing-wealth/,Medium,1,2021,important,Report,https://openknowledge.worldbank.org/handle/10986/36400
How the Speculation and Vacancy Tax Works,Government,Province of British Columbia,Scanned,https://www.progress.org/wiki/vancouver/,Light,1,ongoing,supplementary,Webpage,https://www2.gov.bc.ca/gov/content/taxes/speculation-vacancy-tax/how-tax-works
Declaring Speculation and Vacancy Tax Means More Housing Available,Government,Province of British Columbia,Scanned,https://www.progress.org/wiki/vancouver/,Light,1,2026,supplementary,Press Release,https://news.gov.bc.ca/releases/2026FIN0001-000033
Does the Henry George Theorem Provide a Practical Guide to Optimal City Size?,Academic Paper,Richard Arnott,Scanned,https://www.progress.org/wiki/arnott-hgt-practical-guide/,Medium,1,2004,important,Paper,https://www.jstor.org/stable/3488064
Agglomeration Economies and a Test for Optimal City Sizes in Japan,Academic Paper,Yoshitsugu Kanemoto; Toru Ohkawara; Tsutomu Suzuki,Scanned,https://www.progress.org/wiki/kanemoto-ohkawara-suzuki-optimal-city-size/,Heavy,1,1996,important,Paper,https://doi.org/10.1006/jjie.1996.0022
Tarnishing the Golden and Empire States: Land-Use Restrictions and the U.S. Economic Slowdown,Academic Paper,Kyle F. Herkenhoff; Lee E. Ohanian; Edward C. Prescott,Scanned,https://www.progress.org/wiki/herkenhoff-ohanian-prescott-tarnishing/,Medium,1,2018,important,Paper,https://doi.org/10.1016/j.jmoneco.2017.11.001
The Alaska Permanent Fund Dividend: An Experiment in Wealth Distribution,Academic Paper,Scott Goldsmith,Scanned,https://www.progress.org/wiki/goldsmith-alaska-pfd-wealth-distribution/,Medium,1,2002,important,Paper,https://basicincome.org/bien/pdf/2002Goldsmith.pdf
Is the Property Tax a Benefit Tax? The Case of Rental Housing,Academic Paper,Robert Carroll; John Yinger,Scanned,https://www.progress.org/wiki/carroll-yinger-benefit-tax-rental/,Medium,1,1994,important,Paper,https://doi.org/10.1086/NTJ41789069
"Property Tax in Africa: Status, Challenges, and Prospects",Modern Book,Riël Franzsen; William McCluskey (eds.),Scanned,https://www.progress.org/wiki/franzsen-mccluskey-property-tax-africa/,Heavy,1,2017,important,Book,https://www.lincolninst.edu/app/uploads/legacy-files/pubfiles/property-tax-in-africa-full_1.pdf
A Firm-Level Perspective on the Role of Rents in the Rise in Inequality,Academic Paper,Jason Furman; Peter Orszag,Scanned,https://www.progress.org/wiki/furman-orszag-firm-rents/,Heavy,2,2015,important,Paper,https://obamawhitehouse.archives.gov/sites/default/files/page/files/20151016_firm_level_perspective_on_role_of_rents_in_inequality.pdf
Declining Labor and Capital Shares,Academic Paper,Simcha Barkai,Scanned,https://www.progress.org/wiki/barkai-declining-shares/,Heavy,2,2020,important,Paper,https://doi.org/10.1111/jofi.12909
The Great Reversal: How America Gave Up on Free Markets,Modern Book,Thomas Philippon,Scanned,https://www.progress.org/wiki/philippon-great-reversal/,Medium,1,2019,important,Book,https://www.hup.harvard.edu/books/9780674260320
The Profit Paradox: How Thriving Firms Threaten the Future of Work,Modern Book,Jan Eeckhout,Scanned,https://www.progress.org/wiki/eeckhout-profit-paradox/,Medium,1,2021,important,Book,https://press.princeton.edu/books/hardcover/9780691214474/the-profit-paradox
Understanding Weak Capital Investment: the Role of Market Concentration and Intangibles,Academic Paper,Nicolas Crouzet; Janice Eberly,Scanned,https://www.progress.org/wiki/crouzet-eberly-intangibles/,Heavy,1,2019,important,Paper,https://www.nber.org/papers/w25869
Capital in the Twenty-First Century,Modern Book,Thomas Piketty,Scanned,https://www.progress.org/wiki/piketty-capital-21st-century/,Medium,1,2014,core,Book,https://www.hup.harvard.edu/books/9780674430006
The Impact of Supply Constraints on House Prices in England,Academic Paper,Christian Hilber; Wouter Vermeulen,Scanned,https://www.progress.org/wiki/hilber-vermeulen-england-supply/,Light,1,2016,important,Paper,https://doi.org/10.1111/ecoj.12213
The Price and Quantity of Residential Land in the United States,Academic Paper,Morris A. Davis; Jonathan Heathcote,Scanned,https://www.progress.org/wiki/davis-heathcote-us-land/,Light,1,2007,important,Paper,https://doi.org/10.1016/j.jmoneco.2007.06.023
Towards a Political Theory of the Firm,Academic Paper,Luigi Zingales,Scanned,https://www.progress.org/wiki/zingales-political-theory-firm/,Medium,1,2017,important,Paper,https://www.nber.org/papers/w23593
Ten Facts on Declining Business Dynamism and Lessons from Endogenous Growth Theory,Academic Paper,Ufuk Akcigit; Sina T. Ates,Scanned,https://www.progress.org/wiki/akcigit-ates-business-dynamism/,Medium,1,2021,important,Paper,https://www.nber.org/papers/w25755
Benefits of Competition and Indicators of Market Power,Report,Council of Economic Advisers,Scanned,https://www.progress.org/wiki/cea-2016-market-power/,Medium,1,2016,supplementary,Report,https://obamawhitehouse.archives.gov/sites/default/files/page/files/20160414_cea_competition_issue_brief.pdf
Digitization and the Macro-Economics of Superstars,Academic Paper,Anton Korinek; Ding Xuan Ng,Scanned,https://www.progress.org/wiki/korinek-ng-digital-superstars/,Light,1,2021,important,Paper,https://www.imf.org/en/Publications/WP/Issues/2021/06/25/Digitization-and-the-Macroeconomics-of-Superstars-461233
Platform Competition in Two-Sided Markets,Academic Paper,Jean-Charles Rochet; Jean Tirole,Scanned,https://www.progress.org/wiki/rochet-tirole-two-sided/,Light,1,2003,important,Paper,https://doi.org/10.1162/154247603322493212
Assessing the Distributive Impact of a Revenue-Neutral Shift from a Uniform Property Tax to a Two-Rate Property Tax with a Uniform Credit,Academic Paper,Richard W. England; Min Qiang Zhao,Scanned,https://www.progress.org/wiki/england-zhao-lvt-distribution/,Medium,1,2005,important,Paper,https://doi.org/10.17310/ntj.2005.2.05
Welfare Effects of Property Taxation,Academic Paper,Max Löffler; Sebastian Siegloch,Scanned,https://www.progress.org/wiki/loffler-siegloch-german-pass-through/,Medium,1,2021,important,Paper,https://docs.iza.org/dp14195.pdf
An Entrepreneurial Critique of Georgism,Academic Paper,Zachary Gochenour; Bryan Caplan,Scanned,https://www.progress.org/wiki/gochenour-caplan-search-theoretic/,Heavy,2,2013,important,Paper,https://doi.org/10.1007/s11138-013-0218-8
Who Owns the Sky? Our Common Assets and the Future of Capitalism,Modern Book,Peter Barnes,Scanned,https://www.progress.org/wiki/barnes-sky-trust/,Light,1,2001,important,Book,https://islandpress.org/books/who-owns-sky
A Short History of Enclosure in Britain,Academic Paper,Simon Fairlie,Scanned,https://www.progress.org/wiki/fairlie-short-history-enclosure/,Medium,1,2009,important,Article,https://www.thelandmagazine.org.uk/articles/short-history-enclosure-britain
"Revisiting Land, Labor, and Capital in Neoclassical Economics",Academic Paper,Antoine Missemer; Antonin Pottier,Scanned,https://www.progress.org/wiki/missemer-pottier-land-labor-capital/,Heavy,3,2025,important,Paper,https://doi.org/10.3368/le.101.4.021225-0009
Agrarian Justice,Historical Text,Thomas Paine,Scanned,https://www.progress.org/wiki/agrarian-justice/,Heavy,3,1797,important,Text,https://www.gutenberg.org/ebooks/31271
Capitalism 3.0: A Guide to Reclaiming the Commons,Modern Book,Peter Barnes,Referenced,https://www.progress.org/wiki/barnes-sky-trust/,Light,1,2006,supplementary,Book,https://www.boell.de/sites/default/files/capitalism_3.0_peter_barnes.pdf
With Liberty and Dividends for All,Modern Book,Peter Barnes,Referenced,https://www.progress.org/wiki/barnes-sky-trust/,Light,1,2014,supplementary,Book,https://peter-barnes.org/book/with-liberty-dividends-for-all/
Alaska Permanent Fund (Today in Energy),Government/Official,US Energy Information Administration,Referenced,https://www.progress.org/wiki/barnes-sky-trust/,Light,1,2015,supplementary,Article,https://www.eia.gov/todayinenergy/detail.php?id=21052
Healthy Climate and Family Security Act (cap-and-dividend bills 2009-2024),Government/Official,Chris Van Hollen; Don Beyer,Referenced,https://www.progress.org/wiki/barnes-sky-trust/,Light,2,2015,supplementary,Legislation,https://www.congress.gov/bill/114th-congress/house-bill/1027
Economists' Statement on Carbon Dividends,Policy Statement,Climate Leadership Council,Referenced,https://www.progress.org/wiki/ecological-rent/,Light,2,2019,important,Article,https://clcouncil.org/economists-statement/
Total Resource Rents of Australia: Harnessing the Power of Monopoly,Advocacy Report,Karl Fitzgerald; Prosper Australia,Referenced,https://www.progress.org/wiki/ecological-rent/,Light,1,2013,important,Report,https://www.prosper.org.au/wp-content/uploads/2013/12/TRRA_2013_final.pdf
Recommendation on Guiding Principles concerning International Economic Aspects of Environmental Policies (Polluter-Pays Principle),Government/Official,OECD Council,Referenced,https://www.progress.org/wiki/ecological-rent/,Light,1,1972,important,Report,https://legalinstruments.oecd.org/en/instruments/OECD-LEGAL-0102
Property Tax and Urban Sprawl: Theory and Implications for US Cities,Academic Paper,Yan Song; Yves Zenou,Scanned,https://www.progress.org/wiki/song-zenou-property-tax-sprawl/,Light,2,2006,important,Paper,https://www.sciencedirect.com/science/article/abs/pii/S0094119006000556
Urban Sprawl and the Property Tax,Academic Paper,Jan K. Brueckner; Hyun-A Kim,Referenced,https://www.progress.org/wiki/song-zenou-property-tax-sprawl/,Light,1,2003,supplementary,Paper,https://link.springer.com/article/10.1023/A:1022260512147
Enclosing the Land (Living Heritage),Government/Official,UK Parliament,Referenced,https://www.progress.org/wiki/fairlie-short-history-enclosure/,Light,2,,supplementary,Article,https://www.parliament.uk/about/living-heritage/transformingsociety/towncountry/landscape/overview/enclosingland/
The Making of the English Working Class,Historical Text,E.P. Thompson,Referenced,https://www.progress.org/wiki/fairlie-short-history-enclosure/,Light,2,1963,important,Book,
"Commoners: Common Right, Enclosure and Social Change in England, 1700-1820",Academic/Research,J.M. Neeson,Referenced,https://www.progress.org/wiki/fairlie-short-history-enclosure/,Light,1,1993,important,Book,https://www.cambridge.org/gb/academic/subjects/history/british-history-after-1450/commoners-common-right-enclosure-and-social-change-england-17001820
"Common Rights to Land in England, 1475-1839",Academic Paper,Gregory Clark; Anthony Clark,Referenced,https://www.progress.org/wiki/fairlie-short-history-enclosure/,Light,2,2001,important,Paper,https://faculty.econ.ucdavis.edu/faculty/gclark/papers/commons.pdf
"The Scottish Clearances: A History of the Dispossessed, 1600-1900",Modern Book,T.M. Devine,Referenced,https://www.progress.org/wiki/the-great-land-robbery/,Light,1,2018,important,Book,
How the Indians Lost Their Land: Law and Power on the Frontier,Academic/Research,Stuart Banner,Referenced,https://www.progress.org/wiki/the-great-land-robbery/,Light,1,2005,important,Book,
The Great Land Robbery (The Atlantic),Journalism,Vann R. Newkirk II,Referenced,https://www.progress.org/wiki/the-great-land-robbery/,Light,1,2019,important,Article,https://www.theatlantic.com/magazine/archive/2019/09/this-land-was-our-land/594742/
The Homestead Act of 1862 (educator resources),Government/Official,US National Archives,Referenced,https://www.progress.org/wiki/the-great-land-robbery/,Light,1,,supplementary,Article,https://www.archives.gov/education/lessons/homestead-act
Dispossession: Discrimination against African American Farmers in the Age of Civil Rights,Academic/Research,Pete Daniel,Referenced,https://www.progress.org/wiki/the-great-land-robbery/,Light,1,2013,important,Book,https://uncpress.org/9781469622071/dispossession/
Henry George: Rebel with a Cause,Academic Paper,Mark Blaug,Scanned,https://www.progress.org/wiki/blaug-henry-george-rebel/,Light,3,2000,important,Paper,https://www.tandfonline.com/doi/abs/10.1080/096725600361816
Henry George (1839-1897) (Pioneers in Economics vol. 34),Academic/Research,Mark Blaug (ed.),Referenced,https://www.progress.org/wiki/blaug-henry-george-rebel/,Light,1,1992,supplementary,Book,
The Nature of Capital and Income,Historical Text,Irving Fisher,Referenced,https://www.progress.org/wiki/blaug-henry-george-rebel/,Light,1,1906,important,Book,https://fraser.stlouisfed.org/title/nature-capital-income-6159/fulltext
History of Economic Analysis,Historical Text,Joseph A. Schumpeter,Referenced,https://www.progress.org/wiki/blaug-henry-george-rebel/,Light,2,1954,important,Book,
Review notice covering The Corruption of Economics (JEL 34:2),Academic Paper,Murray Milgate,Referenced,https://www.progress.org/wiki/blaug-henry-george-rebel/,Light,2,1996,important,Paper,
The Distribution of Wealth: A Theory of Wages Interest and Profits,Historical Text,John Bates Clark,Referenced,https://www.progress.org/wiki/blaug-henry-george-rebel/,Light,2,1899,important,Book,https://www.econlib.org/library/Clark/clkDW.html
'A Certain Rude Honesty': John Bates Clark as a Pioneering Neoclassical Economist,Academic Paper,Thomas C. Leonard,Referenced,https://www.progress.org/wiki/blaug-henry-george-rebel/,Light,2,2003,important,Paper,https://read.dukeupress.edu/hope/article-abstract/35/3/521/12135/
The Corruption of Economics,Modern Book,Mason Gaffney; Fred Harrison,Scanned,https://www.progress.org/wiki/gaffney-harrison-corruption-of-economics/,Deep,2,1994,core,Book,https://shepheardwalwyn.com/product/the-corruption-of-economics-2nd-edition-by-mason-gaffney-fred-harrison/
Citizen's Dividend (citdiv.org),Advocacy Site,Phillip J. Anderson,Referenced,https://www.progress.org/wiki/citizens-dividend-narrative/,Light,1,2021,supplementary,Website,https://citdiv.org/
The Bubble and Beyond: Fictitious Capital Debt Deflation and the Global Crisis,Modern Book,Michael Hudson,Referenced,https://www.progress.org/wiki/fire-sector/,Light,1,2012,important,Book,https://michael-hudson.com/2012/08/overview-the-bubble-and-beyond/
Finance Capitalism versus Industrial Capitalism: The Rentier Resurgence and Takeover,Academic Paper,Michael Hudson,Referenced,https://www.progress.org/wiki/fire-sector/,Light,1,2021,important,Paper,https://journals.sagepub.com/doi/abs/10.1177/04866134211011770
The Growth of Finance,Academic Paper,Robin Greenwood; David Scharfstein,Referenced,https://www.progress.org/wiki/fire-sector/,Light,1,2013,important,Paper,https://www.aeaweb.org/articles?id=10.1257/jep.27.2.3
Capitalizing on Crisis: The Political Origins of the Rise of Finance,Academic/Research,Greta R. Krippner,Referenced,https://www.progress.org/wiki/fire-sector/,Light,1,2011,important,Book,https://archive.org/details/capitalizingoncr0000krip
Finance: Function Matters Not Size,Academic Paper,John H. Cochrane,Referenced,https://www.progress.org/wiki/fire-sector/,Light,1,2013,important,Paper,https://www.aeaweb.org/articles?id=10.1257/jep.27.2.29
Value Added by Industry: FIRE as a Percentage of GDP (FRED VAPGDPFIRL),Government/Official,BEA via FRED,Referenced,https://www.progress.org/wiki/fire-sector/,Light,1,ongoing,supplementary,Dataset,https://fred.stlouisfed.org/series/VAPGDPFIRL
F is for FIRE Sector (J Is for Junk Economics entry),Online Writing,Michael Hudson,Referenced,https://www.progress.org/wiki/fire-sector/,Light,1,2013,supplementary,Article,https://michael-hudson.com/2013/09/f-is-for-fire-sector/
Property Taxes and Residential Rents,Academic Paper,Leah J. Tsoodle; Tracy M. Turner,Scanned,https://www.progress.org/wiki/tsoodle-turner-rents/,Light,2,2008,important,Paper,https://onlinelibrary.wiley.com/doi/10.1111/j.1540-6229.2008.00207.x
The Shifting of the Property Tax on Urban Renters: Evidence from New York State's Homestead Tax Option,Academic Paper,David J. Schwegman; John Yinger,Scanned,https://www.progress.org/wiki/schwegman-yinger-homestead/,Light,2,2020,important,Paper,https://www.census.gov/library/working-papers/2020/adrm/CES-WP-20-43.html
Land Taxes and Housing Prices,Academic Paper,De Okonomiske Rad (Danish Economic Councils),Scanned,https://www.progress.org/wiki/dors-land-taxes-housing-prices/,Light,2,2018,core,Paper,https://dors.dk/oevrige-publikationer/arbejdspapir/land-taxes-and-housing-prices
The Incidence of Differential Property Taxes on Urban Housing,Academic Paper,Larry L. Orr,Referenced,https://www.progress.org/wiki/tsoodle-turner-rents/,Light,1,1968,important,Paper,
The Incidence of Differential Property Taxes on Urban Housing: A Comment and Some Further Evidence,Academic Paper,John D. Heinberg; Wallace E. Oates,Referenced,https://www.progress.org/wiki/tsoodle-turner-rents/,Light,1,1970,supplementary,Paper,https://www.rff.org/publications/journal-articles/the-incidence-of-differential-property-taxes-on-urban-housing-a-comment-and-some-further-evidence/
The Impact of Property Taxation on Housing Values and Rents,Academic Paper,Richard Dusansky; Melvin Ingber; Nicholas Karatjas,Referenced,https://www.progress.org/wiki/tsoodle-turner-rents/,Light,1,1981,supplementary,Paper,https://ideas.repec.org/a/eee/juecon/v10y1981i2p240-255.html
Impact of a Two-Rate Property Tax on Residential Densities,Academic Paper,Seong-Hoon Cho; SeungGyu Kim; Dayton M. Lambert; Roland K. Roberts,Scanned,https://www.progress.org/wiki/cho-two-rate-density/,Light,2,2013,important,Paper,https://onlinelibrary.wiley.com/doi/10.1093/ajae/aas141
Measuring the Effects of a Land Value Tax on Land Development,Academic Paper,Seong-Hoon Cho; SeungGyu Kim; Roland K. Roberts,Referenced,https://www.progress.org/wiki/cho-two-rate-density/,Light,1,2011,supplementary,Paper,https://link.springer.com/article/10.1007/s12061-009-9039-3
Property Tax as a Policy Against Urban Sprawl,Academic Paper,Victoria Taranu; Griet Verbeeck,Scanned,https://www.progress.org/wiki/taranu-verbeeck-property-tax-sprawl/,Light,2,2022,important,Paper,https://www.sciencedirect.com/science/article/abs/pii/S0264837722003623
The Impact of Taxation and Valuation Practices on the Timing and Efficiency of Land Use,Academic Paper,Brian L. Bentick,Scanned,https://www.progress.org/wiki/bentick-mills-timing-neutrality/,Light,2,1979,important,Paper,https://www.journals.uchicago.edu/doi/abs/10.1086/260797
The Non-Neutrality of Land Value Taxation,Academic Paper,David E. Mills,Scanned,https://www.progress.org/wiki/bentick-mills-timing-neutrality/,Light,2,1981,important,Paper,https://www.journals.uchicago.edu/doi/10.1086/NTJ41862356
A Tax on Land Value Is Neutral,Academic Paper,T. Nicolaus Tideman,Referenced,https://www.progress.org/wiki/bentick-mills-timing-neutrality/,Light,1,1982,important,Paper,https://cooperative-individualism.org/tideman-t-nicolaus_a-tax-on-land-value-is-neutral-1982-mar.pdf
Land Tenure System in Hong Kong (LegCo Essentials),Government/Official,Legislative Council HKSAR,Referenced,https://www.progress.org/wiki/public-land-leasing/,Light,1,,supplementary,Article,https://www.legco.gov.hk/research-publications/english/essentials-1617ise07-land-tenure-system-in-hong-kong.htm
Major Sources of Government Revenue (ISSF03/2023),Government/Official,LegCo Research Office HKSAR,Referenced,https://www.progress.org/wiki/public-land-leasing/,Light,1,2023,supplementary,Report,https://app7.legco.gov.hk/rpdb/en/uploads/2023/ISSF/ISSF03_2023_20231116_en.pdf
Singapore — Context and Land Governance,Report,Land Portal,Referenced,https://www.progress.org/wiki/public-land-leasing/,Light,1,2021,supplementary,Article,https://landportal.org/book/narratives/2021/singapore
Impact from Sale of State Land on Reserves (parliamentary reply),Government/Official,Ministry of Finance Singapore,Referenced,https://www.progress.org/wiki/public-land-leasing/,Light,1,,supplementary,Article,https://www.mof.gov.sg/news-publications/parliamentary-replies/impact-from-sale-of-state-land-on-reserves-and-accounting-treatment-of-cost-of-state-land-for-public-housing
Canberra First Lease Auction 1924 (Find of the Month 7/2015),Government/Official,ArchivesACT,Referenced,https://www.progress.org/wiki/public-land-leasing/,Light,1,2015,supplementary,Article,https://www.archives.act.gov.au/find_of_the_month/2015/july/previous-find-of-the-month-72015-page-1
Opportunities and Risks of Capturing Land Values Under Hong Kong's Leasehold System,Academic Paper,Yu-Hung Hong; Alven H.S. Lam,Referenced,https://www.progress.org/wiki/public-land-leasing/,Light,1,1998,important,Paper,https://www.lincolninst.edu/app/uploads/2024/04/65_honglam98_1.pdf
Lease Extension (policy page),Government/Official,HK Lands Department,Referenced,https://www.progress.org/wiki/public-land-leasing/,Light,1,,supplementary,Article,https://www.landsd.gov.hk/en/land-disposal-transaction/extension.html
Leasing Public Land: Policy Debates and International Experiences,Academic/Research,Steven C. Bourassa; Yu-Hung Hong (eds.),Referenced,https://www.progress.org/wiki/public-land-leasing/,Light,1,2003,important,Book,https://www.lincolninst.edu/publications/books/leasing-public-land/
Announcing The Progress and Poverty Institute: A New Name a Continuing Mission,Website/Org,Progress and Poverty Institute,Referenced,https://www.progress.org/wiki/progress-and-poverty-institute/,Light,1,2025,supplementary,Article,https://progressandpovertyinstitute.org/announcing-the-progress-and-poverty-institute-a-new-name-a-continuing-mission/
The Case against the Single Tax,Historical Text,Alvin S. Johnson,Referenced,https://www.progress.org/wiki/johnson-1914-single-tax-critique/,Light,1,1914,important,Article,
The Case Against the Case Against the Single Tax,Online Writing,Fred Foldvary,Referenced,https://www.progress.org/wiki/johnson-1914-single-tax-critique/,Light,1,2017,supplementary,Article,https://www.progress.org/articles/the-case-against-the-case-against-the-single-tax/
Why Rent Matters: The Hidden and Suppressed Economic Rent,Academic Paper,Fred Foldvary,Scanned,https://www.progress.org/wiki/foldvary-kinetic-potential-rent/,Light,2,2012,important,Paper,https://cooperative-individualism.org/foldvary-fred_why-rent-matters-the-hidden-and-suppressed-economic-rent-2012-jun.pdf
Kinetic Rent and Potential Rent,Online Writing,Fred Foldvary,Referenced,https://www.progress.org/wiki/foldvary-kinetic-potential-rent/,Light,1,,supplementary,Article,https://www.progress.org/articles/kinetic-rent-and-potential-rent/
Counting Bounty: The Quest to Know the Worth of Earth,Modern Book,Jeffery Johnson Smith,Referenced,https://www.progress.org/wiki/land-rent-could-fund-government/,Light,1,2020,supplementary,Book,https://www.barnesandnoble.com/w/counting-bounty-jeffery-johnson-smith/1134287145
A Real-Assets Model of Economic Crises: Will China Crash in 2015?,Academic Paper,Mason Gaffney,Referenced,https://www.progress.org/wiki/18-year-land-cycle/,Light,1,2015,important,Paper,https://onlinelibrary.wiley.com/doi/10.1111/ajes.12093
Mason Gaffney Predicted the China Crash,Online Writing,Martin Adams,Referenced,https://www.progress.org/wiki/18-year-land-cycle/,Light,1,2015,supplementary,Article,https://www.progress.org/articles/mason-gaffney-predicted-the-china-crash/
Exporting the Alaska Model: Adapting the Permanent Fund Dividend for Reform around the World,Modern Book,Karl Widerquist; Michael W. Howard (eds.),Referenced,https://www.progress.org/wiki/citizens-dividend-narrative/,Light,1,2012,important,Book,https://link.springer.com/book/10.1057/9781137031655
Real Estate 4 Ransom (documentary),Advocacy Media,Karl Fitzgerald; Gavin Emmanuel; Prosper Australia,Scanned,https://www.progress.org/wiki/real-estate-4-ransom/,Light,3,2012,supplementary,Film,https://www.prosper.org.au/tag/real-estate-4-ransom-film/
Film: Real Estate 4 Ransom (release post),Online Writing,Michael Hudson,Referenced,https://www.progress.org/wiki/real-estate-4-ransom/,Light,1,2012,supplementary,Article,https://michael-hudson.com/2012/03/film-real-estate-4-ransom/
Real Estate 4 Ransom (progress.org),Online Writing,Martin Adams,Referenced,https://www.progress.org/wiki/real-estate-4-ransom/,Light,1,,supplementary,Article,https://www.progress.org/articles/real-estate-4-ransom
How Land Barons Industrialists and Bankers Corrupted Economics,Online Writing,Unattributed [VERIFY],Referenced,https://www.progress.org/wiki/the-corruption-of-economics/,Light,1,2016,supplementary,Article,https://www.progress.org/articles/how-land-barons-industrialists-and-bankers-corrupted-economics/
The Corruption of Economics (progress.org),Online Writing,Martin Adams,Referenced,https://www.progress.org/wiki/the-corruption-of-economics/,Light,1,2015,supplementary,Article,https://www.progress.org/articles/the-corruption-of-economics
Henry George and the Single Tax (documentary) + Bonner interview,Online Writing,Lawrence Bosek; Mike Bonner (film),Referenced,https://www.progress.org/wiki/georgism-video-explainers/,Light,1,2017,supplementary,Article,https://www.progress.org/articles/henry-george-and-the-single-tax-documentary-and-interview
Guardian Columnist George Monbiot: Land Acts,Online Writing,Jeffery J. Smith,Referenced,,Light,1,2020,supplementary,Article,https://www.progress.org/articles/guardian-columnist-george-monbiot-land-acts
Private Sufficiency Public Luxury: Land is the Key to the Transformation of Society (Schumacher Lecture),Lecture,George Monbiot,Referenced,people/george-monbiot,Light,3,2020,supplementary,Video,https://centerforneweconomics.org/people/george-monbiot/
I agree with Churchill: let's get stuck into the real shirkers,Journalism,George Monbiot,Referenced,people/george-monbiot,Light,2,2013,supplementary,Article,https://www.monbiot.com/2013/01/21/a-telling-silence/
Michigan's Government Failure,Online Writing,Fred Foldvary,Referenced,,Light,1,2016,supplementary,Article,https://www.progress.org/articles/michigans-government-failure
Land Worth = More than Enough,Online Writing,Scott Baker,Referenced,https://www.progress.org/wiki/land-rent-could-fund-government/,Light,1,2016,supplementary,Article,https://www.progress.org/articles/land-worth-more-than-enough/
Take 'The Donald' Seriously? Yes and Here's Why,Online Writing,Phil J. Anderson,Referenced,https://www.progress.org/wiki/18-year-land-cycle/,Light,1,2015,supplementary,Article,https://www.progress.org/articles/take-the-donald-seriously-yes-and-heres-why
Estimating Land Values,Online Writing,Ted Gwartney,Scanned,https://www.progress.org/wiki/gwartney-estimating-land-values/,Light,2,1999,important,Article,https://www.henrygeorge.org/ted.htm
The Price of Residential Land for Counties ZIP Codes and Census Tracts in the United States,Academic Paper,Morris A. Davis; William D. Larson; Stephen D. Oliner; Jessica Shui,Scanned,https://www.progress.org/wiki/davis-larson-oliner-shui-fhfa-land/,Light,2,2019,core,Paper,https://www.fhfa.gov/research/papers/wp1901
The Price of Residential Land in Large US Cities,Academic Paper,Morris A. Davis; Michael G. Palumbo,Referenced,https://www.progress.org/wiki/davis-larson-oliner-shui-fhfa-land/,Light,1,2008,important,Paper,https://www.federalreserve.gov/Pubs/FEDS/2006/200625
Land and Property Values in the U.S. (data series),Dataset,Lincoln Institute of Land Policy (Davis et al.),Referenced,https://www.progress.org/wiki/davis-larson-oliner-shui-fhfa-land/,Light,1,ongoing,important,Dataset,https://www.lincolninst.edu/data/
The Rise and Rise of the Global Balance Sheet: How Productively Are We Using Our Wealth?,Report,McKinsey Global Institute,Referenced,,Light,1,2021,important,Report,https://www.mckinsey.com/industries/financial-services/our-insights/the-rise-and-rise-of-the-global-balance-sheet-how-productively-are-we-using-our-wealth
Value of All Land in the United States,Journalism,Matt Yglesias,Referenced,,Light,1,2013,supplementary,Article,https://slate.com/business/2013/12/value-of-all-land-in-the-united-states.html
"Land for the Many: Changing the way our fundamental asset is used, owned and governed",Report,George Monbiot (ed.); Grey; Kenny; Macfarlane; Powell-Smith; Shrubsole; Stratford,Referenced,people/george-monbiot,Light,2,2019,important,PDF,https://labour.org.uk/wp-content/uploads/2019/06/12081_19-Land-for-the-Many.pdf
Boom Bust: House Prices, Banking and the Depression of 2010,Modern Book,Fred Harrison,Scanned,https://www.progress.org/wiki/harrison-boom-bust/,Heavy,4,2005,core,Book,https://shepheardwalwyn.com/product/boom-bust/
The Power in the Land,Modern Book,Fred Harrison,Scanned,https://www.progress.org/wiki/harrison-power-in-the-land/,Heavy,4,1983,core,Book,https://shepheardwalwyn.com/product/the-power-in-the-land/
The Secret Life of Real Estate and Banking,Modern Book,Phillip J. Anderson,Scanned,https://www.progress.org/wiki/anderson-secret-life-real-estate/,Heavy,3,2008,important,Book,https://shepheardwalwyn.com/product/the-secret-life-of-real-estate-and-banking/
Ricardo's Law: House Prices and the Great Tax Clawback Scam,Modern Book,Fred Harrison,Scanned,https://www.progress.org/wiki/harrison-ricardos-law/,Heavy,0,2006,important,Book,https://shepheardwalwyn.com/product/ricardos-law/
The Secret Wealth Advantage,Modern Book,Akhil Patel,Scanned,https://www.progress.org/wiki/patel-secret-wealth-advantage/,Heavy,0,2023,supplementary,Book,https://harriman-house.com/the-secret-wealth-advantage
Land is a Big Deal: Why rent is too high wages too low and what we can do about it,Modern Book,Lars A. Doucet,Scanned,https://www.progress.org/wiki/land-is-a-big-deal/,Deep,0,2022,core,Book,https://www.shacksimplepress.com/
Socialise the Rent: An Open Letter to Mikhail Gorbachev,Historical Document,"Tideman et al. (30 signatories incl. Modigliani, Tobin, Solow, Vickrey)",Referenced,https://www.progress.org/wiki/open-letter-to-gorbachev/,Light,3,1990,important,Letter,http://eurodos.free.fr/mime/articles/Gorbachev_1991-Socialise_the_Rent.pdf
No One Saw This Coming: Understanding Financial Crisis Through Accounting Models,Academic Paper,Dirk J. Bezemer,Referenced,https://www.progress.org/wiki/bezemer-no-one-saw-this-coming/,Light,3,2009,important,Paper,https://mpra.ub.uni-muenchen.de/15892/
"The Monopolists: Obsession, Fury, and the Scandal Behind the World's Favorite Board Game",Modern Book,Mary Pilon,Referenced,https://www.progress.org/wiki/elizabeth-magie/,Light,1,2015,supplementary,Book,https://www.bloomsbury.com/us/monopolists-9781608199655/
Public Economics: Selected Papers by William Vickrey,Modern Book,Richard Arnott (ed.); William Vickrey,Referenced,https://www.progress.org/wiki/william-vickrey/,Light,1,1994,important,Book,https://www.cambridge.org/core/books/public-economics/
"The Homevoter Hypothesis: How Home Values Influence Local Government Taxation, School Finance, and Land-Use Policies",Modern Book,William A. Fischel,Referenced,https://www.progress.org/wiki/homevoters-will-block-lvt/,Light,1,2001,important,Book,https://www.hup.harvard.edu/books/9780674015951
The Deportations Delirium of Nineteen-Twenty,Historical Text,Louis F. Post,Referenced,https://www.progress.org/wiki/louis-f-post/,Light,1,1923,supplementary,Book,
The Taxable Capacity of Australian Land and Resources,Academic Paper,Terence Dwyer,Referenced,https://www.progress.org/wiki/dwyer-taxable-capacity-australia/,Light,2,2003,important,Paper,https://www.prosper.org.au/wp-content/uploads/2020/02/Dwyer_TaxableCapacityOfAustralianLand.pdf
Robert Schalkenbach Foundation (site),Website/Org,Robert Schalkenbach Foundation,Referenced,https://www.progress.org/wiki/schalkenbach-foundation/,Light,1,2025,supplementary,Website,https://schalkenbach.org/
Second Treatise of Government (Ch. V Of Property),Historical Text,John Locke,Referenced,https://www.progress.org/wiki/john-locke/,Light,2,1689,important,Book,https://www.gutenberg.org/ebooks/7370
Essay on the Co-ordination of the Laws of Distribution,Historical Text,Philip Wicksteed,Referenced,https://www.progress.org/wiki/philip-wicksteed/,Light,1,1894,important,Book,
Principles of Economics,Historical Text,Alfred Marshall,Referenced,https://www.progress.org/wiki/alfred-marshall/,Light,1,1890,important,Book,https://www.econlib.org/library/Marshall/marP.html
"Taxation and the Losses of Nations (in Harrison ed., The Losses of Nations)",Academic/Research,Nicolaus Tideman; Florenz Plassmann,Referenced,https://www.progress.org/wiki/tideman-plassmann-losses-of-nations/,Light,2,1998,important,Chapter,https://www.sharetherents.org/wp-content/uploads/2014/05/Losses-of-Nations.pdf
Barker Review of Housing Supply (Final Report),Government/Official,Kate Barker (HM Treasury),Referenced,https://www.progress.org/wiki/barker-review-housing-supply/,Light,2,2004,important,Report,https://www.gov.uk/government/publications/barker-review-of-housing-supply-final-report-recommendations
This Time is Different: Eight Centuries of Financial Folly,Modern Book,Carmen Reinhart; Kenneth Rogoff,Not scanned,,—,0,2009,important,Book,https://press.princeton.edu/books/paperback/9780691152646/this-time-is-different
Manias Panics and Crashes: A History of Financial Crises (7th ed.),Modern Book,Charles Kindleberger; Robert Aliber,Not scanned,,—,0,2015,important,Book,
Princes of the Yen (2nd ed.),Modern Book,Richard A. Werner,Not scanned,,—,0,2020,important,Book,
A Brief History of Doom: Two Hundred Years of Financial Crises,Modern Book,Richard Vague,Not scanned,,—,0,2019,important,Book,https://www.pennpress.org/9780812251777/a-brief-history-of-doom/
Equity for Companies: A Corporation Tax for the 1990s (IFS Commentary 26),Institutional Report,IFS Capital Taxes Group; Michael Devereux; Harold Freeman,Scanned,https://www.progress.org/wiki/allowance-for-corporate-equity/,Light,1,1991,important,Report,https://ifs.org.uk/publications/equity-companies-corporation-tax-1990s
A general proposition on the design of a neutral business tax,Academic Paper,Robin Boadway; Neil Bruce,Scanned,https://www.progress.org/wiki/allowance-for-corporate-equity/,Light,2,1984,important,Paper,https://www.sciencedirect.com/science/article/abs/pii/0047272784900264
Evaluating the effects of ACE systems on multinational debt financing and investment,Academic Paper,Shafik Hebous; Martin Ruf,Scanned,https://www.progress.org/wiki/hebous-ruf-ace/,Medium,3,2017,core,Paper,https://doi.org/10.1016/j.jpubeco.2017.02.011
How effective is an incremental ACE in addressing the debt bias? Evidence from corporate tax returns,Academic Paper,Nicola Branzoli; Antonella Caiumi,Scanned,https://www.progress.org/wiki/branzoli-caiumi-italy-ace/,Medium,2,2020,important,Paper,https://doi.org/10.1007/s10797-020-09609-2
The Structure and Reform of Direct Taxation (Meade Report),Institutional Report,IFS Meade Committee; James Meade,Referenced,https://www.progress.org/wiki/cash-flow-tax/,Light,1,1978,core,Report,https://ifs.org.uk/sites/default/files/output_url_files/meade.pdf
Business-Income Taxation and Investment Incentives,Academic Paper,E. Cary Brown,Referenced,https://www.progress.org/wiki/cash-flow-tax/,Light,1,1948,important,Paper,
Destination-Based Cash Flow Taxation (Oxford CBT WP 17/01),Academic Paper,Alan Auerbach; Michael Devereux; Michael Keen; John Vella,Scanned,https://www.progress.org/wiki/cash-flow-tax/,Light,1,2017,important,Paper,https://papers.ssrn.com/sol3/papers.cfm?abstract_id=2908158
Cash-Flow Taxes in an International Setting,Academic Paper,Alan Auerbach; Michael Devereux,Referenced,https://www.progress.org/wiki/cash-flow-tax/,Light,1,2018,important,Paper,https://www.aeaweb.org/articles?id=10.1257/pol.20170108
Taxing Profit in a Global Economy,Modern Book,Michael Devereux; Alan Auerbach; Michael Keen; Paul Oosterhuis; Wolfgang Schön; John Vella,Referenced,https://www.progress.org/wiki/cash-flow-tax/,Light,1,2021,important,Book,https://ora.ox.ac.uk/objects/uuid:1d6cef71-04bd-4c95-a45a-6c4f4677090e
Taxes Do Affect Corporate Financing Decisions: The Case of Belgian ACE (CESifo WP 3713),Academic Paper,Savina Princen,Referenced,https://www.progress.org/wiki/allowance-for-corporate-equity/,Light,1,2012,supplementary,Paper,https://papers.ssrn.com/sol3/papers.cfm?abstract_id=1992330
The Croatian profit tax: an ACE in practice,Academic Paper,Michael Keen; John King,Referenced,https://www.progress.org/wiki/allowance-for-corporate-equity/,Light,1,2002,supplementary,Paper,https://onlinelibrary.wiley.com/doi/abs/10.1111/j.1475-5890.2002.tb00066.x
Allowances for Corporate Equity in Practice,Academic Paper,Alexander Klemm,Referenced,https://www.progress.org/wiki/allowance-for-corporate-equity/,Light,1,2007,supplementary,Paper,https://www.imf.org/external/pubs/ft/wp/2006/wp06259.pdf
Does a tax deduction scheme matter for jobs and investment by multinational and domestic enterprises?,Academic Paper,Jozef Konings; Catherine Lecocq; Bruno Merlevede,Referenced,https://www.progress.org/wiki/allowance-for-corporate-equity/,Medium,1,2022,important,Paper,https://onlinelibrary.wiley.com/doi/abs/10.1111/caje.12624
Distinguishing between normal and excess returns for tax policy (OECD Taxation WP 28),Institutional Report,Hayley Reynolds; Thomas Neubig,Referenced,https://www.progress.org/wiki/allowance-for-corporate-equity/,Light,1,2016,important,Report,https://www.oecd.org/en/publications/distinguishing-between-normal-and-excess-returns-for-tax-policy_5jln6jct58vd-en.html
Have Excess Returns to Corporations Been Increasing Over Time? (OTA WP 111),Academic Paper,Laura Power; Austin Frerick,Scanned,https://www.progress.org/wiki/power-frerick-excess-returns/,Medium,1,2016,important,Paper,https://home.treasury.gov/system/files/131/wp-111.pdf
Distributing the Corporate Income Tax: Revised U.S. Treasury Methodology (OTA TP-5),Institutional Report,Julie-Anne Cronin; Emily Lin; Laura Power; Michael Cooper,Referenced,https://www.progress.org/wiki/allowance-for-corporate-equity/,Light,1,2013,important,Report,https://home.treasury.gov/system/files/131/TP-5.pdf
Do Higher Corporate Taxes Reduce Wages? Micro Evidence from Germany,Academic Paper,Clemens Fuest; Andreas Peichl; Sebastian Siegloch,Scanned,https://www.progress.org/wiki/fuest-peichl-siegloch-incidence/,Light,1,2018,core,Paper,https://www.aeaweb.org/articles?id=10.1257/aer.20130570
Tax Policy Leverage and Macroeconomic Stability (IMF Policy Paper 2016/070),Institutional Report,International Monetary Fund,Referenced,https://www.progress.org/wiki/allowance-for-corporate-equity/,Light,1,2016,important,Report,https://www.imf.org/external/np/pp/eng/2016/100716.pdf
Tax Biases to Debt Finance: Assessing the Problem Finding Solutions (IMF SDN 11/11),Institutional Report,Ruud de Mooij,Referenced,https://www.progress.org/wiki/allowance-for-corporate-equity/,Light,1,2011,important,Report,https://www.imf.org/external/pubs/ft/sdn/2011/sdn1111.pdf
On the Design of a Neutral Business Tax under Uncertainty,Academic Paper,Stephen Bond; Michael Devereux,Referenced,https://www.progress.org/wiki/cash-flow-tax/,Light,1,1995,important,Paper,https://ideas.repec.org/a/eee/pubeco/v58y1995i1p57-71.html
Proportional Income Taxation and Risk-Taking,Academic Paper,Evsey Domar; Richard Musgrave,Scanned,https://www.progress.org/wiki/domar-musgrave-risk/,Light,1,1944,important,Paper,https://academic.oup.com/qje/article-abstract/58/3/388/1896885
Tax Policy and Heterogeneous Investment Behavior,Academic Paper,Eric Zwick; James Mahon,Scanned,https://www.progress.org/wiki/zwick-mahon-expensing/,Medium,1,2017,core,Paper,https://www.aeaweb.org/articles?id=10.1257/aer.20140855
Revenue Implications of Destination-Based Cash-Flow Taxation,Academic Paper,Shafik Hebous; Alexander Klemm; Saila Stausholm,Referenced,https://www.progress.org/wiki/cash-flow-tax/,Light,1,2020,important,Paper,https://link.springer.com/article/10.1057/s41308-020-00122-4
Uncertainty Risk Aversion and the Taxing of Natural Resource Projects,Academic Paper,Ross Garnaut; Anthony Clunies Ross,Referenced,https://www.progress.org/wiki/cash-flow-tax/,Light,1,1975,important,Paper,https://academic.oup.com/ej/article-abstract/85/338/272/5219308
Capitalism Socialism and Democracy,Modern Book,Joseph Schumpeter,Referenced,https://www.progress.org/wiki/taxing-quasi-rents-kills-innovation/,Light,1,1942,core,Book,
Taxation and Innovation in the Twentieth Century,Academic Paper,Ufuk Akcigit; John Grigsby; Tom Nicholas; Stefanie Stantcheva,Scanned,https://www.progress.org/wiki/akcigit-taxation-innovation/,Medium,1,2022,core,Paper,https://academic.oup.com/qje/article-abstract/137/1/329/6292271
Rethinking Taxing Excess Profits,Academic Paper,Reuven Avi-Yonah; Tamir Shanan,Referenced,https://www.progress.org/wiki/taxing-quasi-rents-kills-innovation/,Light,1,2024,supplementary,Paper,https://papers.ssrn.com/sol3/papers.cfm?abstract_id=4792580
Supernormal Returns: An Overlooked Foundation of Tax Policy Debates,Advocacy,Garrett Watson; Alex Muresianu,Referenced,https://www.progress.org/wiki/taxing-quasi-rents-kills-innovation/,Light,1,2024,supplementary,Article,https://taxfoundation.org/research/all/federal/supernormal-returns-tax-policy-debates/
Does Capital Bear the U.S. Corporate Tax After All? New Evidence from Corporate Tax Returns,Academic Paper,Edward Fox,Referenced,https://www.progress.org/wiki/taxing-quasi-rents-kills-innovation/,Light,1,2020,important,Paper,https://repository.law.umich.edu/articles/2189/
Your Citizen's Dividend (eBook),Modern Book,Phillip J. Anderson,Scanned,https://www.progress.org/wiki/anderson-your-citizens-dividend/,Heavy,3,2024,supplementary,Book,https://citdiv.org/wp-content/uploads/2026/05/Your-Citizens-dividend-E-Book.pdf
The Stockholm congestion charges: an overview,Academic Paper,Jonas Eliasson,Scanned,https://www.progress.org/wiki/congestion-pricing/,Medium,1,2014,important,Paper,https://www.transportportal.se/swopec/cts2014-7.pdf
Central London Congestion Charging: Impacts Monitoring — Second Annual Report,Government/Official,Transport for London,Scanned,https://www.progress.org/wiki/congestion-pricing/,Medium,1,2004,important,Report,https://content.tfl.gov.uk/impacts-monitoring-report-2.pdf
Road congestion pricing in Singapore: 1975 to 2003,Academic Paper,Sock-Yong Phang; Rex S. Toh,Scanned,https://www.progress.org/wiki/congestion-pricing/,Light,1,2004,important,Paper,https://go.gale.com/ps/i.do?id=GALE%7CA117772692
Pricing in Urban and Suburban Transport,Academic Paper,William Vickrey,Scanned,https://www.progress.org/wiki/congestion-pricing/,Light,1,1963,core,Paper,https://www.jstor.org/stable/1823886
Joseph Fels and the Single-Tax Movement,Historical Text,Arthur P. Dudden,Scanned,https://www.progress.org/wiki/joseph-fels/,Medium,1,1943,important,Book,https://archive.org/details/josephfelssingle00dudd
A cost-benefit analysis of the Stockholm congestion charging system,Academic Paper,Jonas Eliasson,Scanned,https://www.progress.org/wiki/congestion-pricing-reduces-traffic/,Medium,1,2009,important,Paper,https://ideas.repec.org/a/eee/transa/v43y2009i4p468-480.html
The Stockholm congestion charges - 5 years on,Academic Paper,Maria Börjesson; Jonas Eliasson; Muriel Hugosson; Karin Brundell-Freij,Scanned,https://www.progress.org/wiki/congestion-pricing-reduces-traffic/,Light,1,2012,important,Paper,https://ideas.repec.org/a/eee/trapol/v20y2012icp1-12.html
"The Gothenburg congestion charge - effects, design and politics",Academic Paper,Maria Börjesson; Ida Kristoffersson,Scanned,https://www.progress.org/wiki/congestion-pricing-reduces-traffic/,Light,1,2015,important,Paper,https://www.transportportal.se/swopec/CTS2014-25.pdf
