slug,title,category,url,inbound_links,outbound_links,words,stub,orphan,last_reviewed
18-year-land-cycle,18-Year Land Cycle,concepts,https://www.progress.org/wiki/18-year-land-cycle/,38,13,1349,false,false,2026-07-04
1886-nyc-mayoral-election,1886 New York City Mayoral Election,events,https://www.progress.org/wiki/1886-nyc-mayoral-election/,6,3,268,false,false,
1909-peoples-budget,The 1909 People's Budget (United Kingdom),events,https://www.progress.org/wiki/1909-peoples-budget/,24,10,335,false,false,
2008-financial-crisis,The 2008 Financial Crisis,events,https://www.progress.org/wiki/2008-financial-crisis/,10,10,1764,false,false,2026-07-05
a-perplexed-philosopher,A Perplexed Philosopher,research,https://www.progress.org/wiki/a-perplexed-philosopher/,7,6,220,false,false,
adam-smith,Adam Smith,people,https://www.progress.org/wiki/adam-smith/,6,3,197,false,false,
agglomeration-economies,Agglomeration Economies,concepts,https://www.progress.org/wiki/agglomeration-economies/,5,12,1538,false,false,2026-07-05
agrarian-justice,Agrarian Justice (1797),texts,https://www.progress.org/wiki/agrarian-justice/,6,6,7941,false,false,2026-07-06
akcigit-ates-business-dynamism,Ten Facts on Declining Business Dynamism and Lessons from Endogenous Growth Theory,research,https://www.progress.org/wiki/akcigit-ates-business-dynamism/,2,9,2282,false,false,2026-07-04
akcigit-taxation-innovation,"Akcigit, Grigsby, Nicholas & Stantcheva (2022): Taxation and Innovation in the Twentieth Century",research,https://www.progress.org/wiki/akcigit-taxation-innovation/,1,6,450,false,false,2026-07-06
akhil-patel,Akhil Patel,people,https://www.progress.org/wiki/akhil-patel/,7,7,220,false,false,
alanna-hartzok,Alanna Hartzok,people,https://www.progress.org/wiki/alanna-hartzok/,4,3,141,false,false,
alaska,Alaska,places,https://www.progress.org/wiki/alaska/,5,8,1479,false,false,2026-07-10
alaska-permanent-fund,Establishment of the Alaska Permanent Fund,events,https://www.progress.org/wiki/alaska-permanent-fund/,21,7,251,false,false,
albouy-ehrlich-shin-metro-land,Metropolitan Land Values,research,https://www.progress.org/wiki/albouy-ehrlich-shin-metro-land/,9,6,1883,false,false,2026-07-03
albouy-what-are-cities-worth,"What Are Cities Worth? Land Rents, Local Productivity, and the Total Value of Amenities",research,https://www.progress.org/wiki/albouy-what-are-cities-worth/,5,7,2518,false,false,2026-07-03
alfred-marshall,Alfred Marshall,people,https://www.progress.org/wiki/alfred-marshall/,3,7,325,true,false,2026-07-06
alfred-russel-wallace,Alfred Russel Wallace,people,https://www.progress.org/wiki/alfred-russel-wallace/,4,4,165,false,false,
allowance-for-corporate-equity,Allowance for Corporate Equity (ACE),concepts,https://www.progress.org/wiki/allowance-for-corporate-equity/,18,13,1547,false,false,2026-07-10
andelson-lvt-around-the-world,Land Value Taxation Around the World,research,https://www.progress.org/wiki/andelson-lvt-around-the-world/,5,9,203,false,false,
anderson-secret-life-real-estate,The Secret Life of Real Estate and Banking,books,https://www.progress.org/wiki/anderson-secret-life-real-estate/,6,10,1042,false,false,2026-07-05
anderson-your-citizens-dividend,Your Citizen's Dividend (Anderson eBook),books,https://www.progress.org/wiki/anderson-your-citizens-dividend/,2,14,840,false,false,2026-07-06
ansolabehere-money-in-politics,Why Is There So Little Money in U.S. Politics?,research,https://www.progress.org/wiki/ansolabehere-money-in-politics/,1,5,422,false,false,2026-07-10
arnold-tax-growth-ej,Tax Policy for Economic Recovery and Growth,research,https://www.progress.org/wiki/arnold-tax-growth-ej/,4,10,2262,false,false,2026-07-10
arnott-hgt-practical-guide,Does the Henry George Theorem Provide a Practical Guide to Optimal City Size?,research,https://www.progress.org/wiki/arnott-hgt-practical-guide/,6,9,2069,false,false,2026-07-04
arnott-stiglitz-henry-george-theorem,"Aggregate Land Rents, Expenditure on Public Goods, and Optimal City Size",research,https://www.progress.org/wiki/arnott-stiglitz-henry-george-theorem/,20,2,219,false,false,
atcor,ATCOR,concepts,https://www.progress.org/wiki/atcor/,30,11,1032,false,false,
autor-superstar-firms,The Fall of the Labor Share and the Rise of Superstar Firms,research,https://www.progress.org/wiki/autor-superstar-firms/,16,6,1850,false,false,2026-07-03
bakker-land-rents-tfp,Unveiling the Hidden Impact of Urban Land Rents on Total Factor Productivity,research,https://www.progress.org/wiki/bakker-land-rents-tfp/,10,2,162,false,false,
banzhaf-lavery-pa-sprawl,Can the Land Tax Help Curb Urban Sprawl? Evidence from Growth Patterns in Pennsylvania,research,https://www.progress.org/wiki/banzhaf-lavery-pa-sprawl/,8,8,2179,false,false,2026-07-10
barkai-declining-shares,Declining Labor and Capital Shares,research,https://www.progress.org/wiki/barkai-declining-shares/,9,7,2506,false,false,2026-07-04
barker-henry-george-biography,Henry George,books,https://www.progress.org/wiki/barker-henry-george-biography/,5,7,1553,false,false,2026-07-07
barker-review-housing-supply,The Barker Review of Housing Supply (2003–04),research,https://www.progress.org/wiki/barker-review-housing-supply/,3,3,208,true,false,2026-07-06
barnes-sky-trust,Who Owns the Sky? Peter Barnes's Sky Trust and Cap-and-Dividend,research,https://www.progress.org/wiki/barnes-sky-trust/,4,5,2397,false,false,2026-07-05
baumol-unproductive-entrepreneurship,"Entrepreneurship: Productive, Unproductive, and Destructive",research,https://www.progress.org/wiki/baumol-unproductive-entrepreneurship/,3,6,545,false,false,2026-07-10
behrens-hgt-second-best,The Henry George Theorem in a Second-Best World,research,https://www.progress.org/wiki/behrens-hgt-second-best/,7,2,169,false,false,
benefits,The Benefits: what geoist policy measurably delivers,concepts,https://www.progress.org/wiki/benefits/,4,20,567,false,false,
bentick-mills-timing-neutrality,The Bentick–Mills Timing Critique (and the Tideman Rebuttal),research,https://www.progress.org/wiki/bentick-mills-timing-neutrality/,3,6,477,false,false,2026-07-05
betterment-levy,Betterment Levy,concepts,https://www.progress.org/wiki/betterment-levy/,3,15,1632,false,false,2026-07-04
bezemer-no-one-saw-this-coming,"\""No One Saw This Coming\"": Understanding Financial Crisis Through Accounting Models (Bezemer)",research,https://www.progress.org/wiki/bezemer-no-one-saw-this-coming/,2,5,230,true,false,2026-07-06
blaug-henry-george-rebel,Henry George: Rebel with a Cause,research,https://www.progress.org/wiki/blaug-henry-george-rebel/,5,7,1086,false,false,2026-07-05
bonnet-land-is-back,"Land is Back, It Should Be Taxed, It Can Be Taxed",research,https://www.progress.org/wiki/bonnet-land-is-back/,26,3,224,false,false,
boom-bust-cycle,Boom-Bust Cycle,concepts,https://www.progress.org/wiki/boom-bust-cycle/,9,19,2547,false,false,2026-07-04
bowman-bell-lvt-distribution,Distributional Consequences of Converting the Property Tax to a Land Value Tax,research,https://www.progress.org/wiki/bowman-bell-lvt-distribution/,5,7,1984,false,false,2026-07-09
branzoli-caiumi-italy-ace,Branzoli & Caiumi (2020): Italy's Incremental ACE and the Debt Bias,research,https://www.progress.org/wiki/branzoli-caiumi-italy-ace/,4,4,389,false,false,2026-07-06
british-columbia,British Columbia,places,https://www.progress.org/wiki/british-columbia/,6,8,1834,false,false,2026-07-03
brockmeyer-property-tax-developing,Taxing Property in Developing Countries,research,https://www.progress.org/wiki/brockmeyer-property-tax-developing/,6,2,188,false,false,
brueckner-site-value-taxation,A Modern Analysis of the Effects of Site Value Taxation,research,https://www.progress.org/wiki/brueckner-site-value-taxation/,8,9,2729,false,false,2026-07-09
buterin-on-radical-markets,Vitalik Buterin: On Radical Markets,research,https://www.progress.org/wiki/buterin-on-radical-markets/,2,2,186,false,false,
canada,Canada,places,https://www.progress.org/wiki/canada/,2,10,1906,false,false,2026-07-10
capital-share-rise-is-land,"Most of the modern rise in the capital share is land, not capital",problems,https://www.progress.org/wiki/capital-share-rise-is-land/,34,14,578,false,false,
capitalism-3-0,Capitalism 3.0: A Guide to Reclaiming the Commons,books,https://www.progress.org/wiki/capitalism-3-0/,9,6,1471,false,false,2026-07-07
carbon-pricing-cuts-emissions,"Carbon pricing cuts emissions — modestly, and without wrecking growth",benefits,https://www.progress.org/wiki/carbon-pricing-cuts-emissions/,2,7,1065,false,false,
carroll-yinger-benefit-tax-rental,Is the Property Tax a Benefit Tax? The Case of Rental Housing,research,https://www.progress.org/wiki/carroll-yinger-benefit-tax-rental/,6,7,2351,false,false,2026-07-10
case-shiller-2003-bubble,Is There a Bubble in the Housing Market?,research,https://www.progress.org/wiki/case-shiller-2003-bubble/,3,6,2344,false,false,2026-07-10
cash-flow-tax,Cash-Flow Tax,concepts,https://www.progress.org/wiki/cash-flow-tax/,18,11,1239,false,false,2026-07-06
cea-2016-market-power,Benefits of Competition and Indicators of Market Power,research,https://www.progress.org/wiki/cea-2016-market-power/,1,9,1619,false,false,2026-07-04
center-for-land-economics,Center for Land Economics,organizations,https://www.progress.org/wiki/center-for-land-economics/,3,3,184,false,false,
charles-albro-barker,Charles Albro Barker,people,https://www.progress.org/wiki/charles-albro-barker/,4,5,571,false,false,
charles-tiebout,Charles Tiebout,people,https://www.progress.org/wiki/charles-tiebout/,4,13,1569,false,false,2026-07-05
chicago,Chicago,places,https://www.progress.org/wiki/chicago/,2,11,1735,false,false,2026-07-09
cho-two-rate-density,Impact of a Two-Rate Property Tax on Residential Densities,research,https://www.progress.org/wiki/cho-two-rate-density/,2,4,361,false,false,2026-07-05
christopher-england,Christopher England,people,https://www.progress.org/wiki/christopher-england/,3,12,1808,false,false,2026-07-10
churchill-budget-resolutions-1909,"The Budget Resolutions (Churchill, House of Commons, 4 May 1909)",texts,https://www.progress.org/wiki/churchill-budget-resolutions-1909/,3,4,4230,false,false,2026-07-09
churchill-mother-of-monopolies-1909,"The Mother of All Monopolies (Churchill, 1909)",texts,https://www.progress.org/wiki/churchill-mother-of-monopolies-1909/,3,9,3155,false,false,2026-07-07
churchill-peoples-rights,"Winston Churchill, The People's Rights (1910)",research,https://www.progress.org/wiki/churchill-peoples-rights/,8,8,2542,false,false,2026-07-03
citizens-dividend,Citizen's Dividend,concepts,https://www.progress.org/wiki/citizens-dividend/,44,15,727,false,false,
citizens-dividend-narrative,Narrative: A Dividend from Common Wealth,narratives,https://www.progress.org/wiki/citizens-dividend-narrative/,9,22,1769,false,false,2026-07-10
colburn-aldern-homelessness,Homelessness Is a Housing Problem: How Structural Factors Explain U.S. Patterns,research,https://www.progress.org/wiki/colburn-aldern-homelessness/,2,5,1036,false,false,2026-07-10
colin-clark,Colin Clark,people,https://www.progress.org/wiki/colin-clark/,2,5,803,true,false,2026-07-09
common-ground-usa,Common Ground USA,organizations,https://www.progress.org/wiki/common-ground-usa/,1,4,147,false,false,
common-wealth-canada,Common Wealth Canada,organizations,https://www.progress.org/wiki/common-wealth-canada/,16,15,1869,false,false,2026-07-10
common-wealth-fund,The Common Wealth Fund,research,https://www.progress.org/wiki/common-wealth-fund/,4,11,419,false,false,
commoners-neeson,"Commoners: Common Right, Enclosure and Social Change in England, 1700–1820",books,https://www.progress.org/wiki/commoners-neeson/,8,7,1573,false,false,2026-07-07
community-creates-land-value,Narrative: The Community Creates Land Value,narratives,https://www.progress.org/wiki/community-creates-land-value/,10,28,1561,false,false,2026-07-05
community-land-trust,Community Land Trust,concepts,https://www.progress.org/wiki/community-land-trust/,3,10,1176,false,false,2026-07-07
congestion-pricing,Congestion Pricing,concepts,https://www.progress.org/wiki/congestion-pricing/,6,6,1235,false,false,2026-07-06
congestion-pricing-reduces-traffic,Congestion pricing reduces traffic and congestion,benefits,https://www.progress.org/wiki/congestion-pricing-reduces-traffic/,4,4,779,false,false,
corlett-judge-home-affront,Home Affront: Housing across the Generations,research,https://www.progress.org/wiki/corlett-judge-home-affront/,3,4,401,false,false,2026-07-10
corporate-profits-increasingly-rents,Corporate profits increasingly reflect economic rents,problems,https://www.progress.org/wiki/corporate-profits-increasingly-rents/,21,21,1120,false,false,2026-07-04
crime-of-poverty,The Crime of Poverty (1885),texts,https://www.progress.org/wiki/crime-of-poverty/,5,8,11612,false,false,2026-07-06
critics-of-henry-george,Critics of Henry George: A Centenary Appraisal of Their Strictures on Progress and Poverty,books,https://www.progress.org/wiki/critics-of-henry-george/,4,5,1853,false,false,2026-07-07
crouzet-eberly-intangibles,Understanding Weak Capital Investment: The Role of Market Concentration and Intangibles,research,https://www.progress.org/wiki/crouzet-eberly-intangibles/,5,6,2673,false,false,2026-07-10
cunningham-seattle-options,"House Price Uncertainty, Timing of Development, and Vacant Land Prices: Evidence for Real Options in Seattle",research,https://www.progress.org/wiki/cunningham-seattle-options/,7,4,1291,false,false,2026-07-10
cwc-distributional-impacts-lvt,Assessing the Distributional Impacts of a Land Value Tax,research,https://www.progress.org/wiki/cwc-distributional-impacts-lvt/,6,8,2037,false,false,2026-07-09
cwc-lvt-price-reaction-model,Modeling the Price Reaction to the Implementation of a Land Value Tax,research,https://www.progress.org/wiki/cwc-lvt-price-reaction-model/,1,4,336,false,false,
cycles-are-credit-not-land,"Objection: property cycles are driven by credit, not land",objections,https://www.progress.org/wiki/cycles-are-credit-not-land/,3,9,1056,false,false,2026-07-07
data-rents,Platform and Data Rents,concepts,https://www.progress.org/wiki/data-rents/,3,11,888,false,false,2026-07-06
david-albouy,David Albouy,people,https://www.progress.org/wiki/david-albouy/,1,11,954,false,false,2026-07-05
david-lloyd-george,David Lloyd George,people,https://www.progress.org/wiki/david-lloyd-george/,12,9,3613,false,false,2026-07-10
david-redfearn,David Redfearn,people,https://www.progress.org/wiki/david-redfearn/,3,6,617,false,false,
david-ricardo,David Ricardo,people,https://www.progress.org/wiki/david-ricardo/,18,10,516,false,false,2026-07-06
davis-heathcote-us-land,The Price and Quantity of Residential Land in the United States,research,https://www.progress.org/wiki/davis-heathcote-us-land/,3,6,1435,false,false,2026-07-03
davis-larson-oliner-shui-fhfa-land,"The Price of Residential Land for Counties, ZIP Codes, and Census Tracts in the United States",research,https://www.progress.org/wiki/davis-larson-oliner-shui-fhfa-land/,1,9,458,false,false,2026-07-06
de-loecker-eeckhout-unger-markups,The Rise of Market Power and the Macroeconomic Implications,research,https://www.progress.org/wiki/de-loecker-eeckhout-unger-markups/,13,8,3243,false,false,2026-07-10
deadweight-loss,Deadweight Loss,concepts,https://www.progress.org/wiki/deadweight-loss/,50,6,505,false,false,
denmark,Denmark,places,https://www.progress.org/wiki/denmark/,14,3,338,false,false,
detroit-lvt-proposal,Detroit Land Value Tax Proposal (2023–24),events,https://www.progress.org/wiki/detroit-lvt-proposal/,3,3,216,false,false,
dispossession-daniel,Dispossession: Discrimination Against African American Farmers in the Age of Civil Rights,books,https://www.progress.org/wiki/dispossession-daniel/,5,3,1464,false,false,2026-07-07
domar-musgrave-risk,Domar & Musgrave (1944): Proportional Income Taxation and Risk-Taking,research,https://www.progress.org/wiki/domar-musgrave-risk/,3,4,517,false,false,2026-07-06
dominic-frisby,Dominic Frisby,people,https://www.progress.org/wiki/dominic-frisby/,3,2,143,false,false,
dors-land-taxes-housing-prices,Land Taxes and Housing Prices (Danish Economic Councils),research,https://www.progress.org/wiki/dors-land-taxes-housing-prices/,5,9,457,false,false,2026-07-05
doucet-acx-book-review,"Book Review: Progress and Poverty (Doucet, ACX Contest Winner)",research,https://www.progress.org/wiki/doucet-acx-book-review/,1,3,162,false,false,
doucet-does-georgism-work,"Does Georgism Work? (Doucet, ACX series)",research,https://www.progress.org/wiki/doucet-does-georgism-work/,14,5,264,false,false,
duranton-puga-urban-growth,Urban Growth and Its Aggregate Implications,research,https://www.progress.org/wiki/duranton-puga-urban-growth/,4,7,2097,false,false,2026-07-10
dwarkesh-doucet-podcast,Lars Doucet on the Dwarkesh Podcast,research,https://www.progress.org/wiki/dwarkesh-doucet-podcast/,3,4,145,false,false,
dwyer-taxable-capacity-australia,The Taxable Capacity of Australian Land and Resources (Dwyer),research,https://www.progress.org/wiki/dwyer-taxable-capacity-australia/,3,6,199,true,false,2026-07-06
dye-england-assessing-lvt,Assessing the Theory and Practice of Land Value Taxation,research,https://www.progress.org/wiki/dye-england-assessing-lvt/,14,3,173,false,false,
earthsharing-australia,Earthsharing Australia,organizations,https://www.progress.org/wiki/earthsharing-australia/,3,5,121,false,false,
earthsharing-podcourse,The Georgist Podcourse (Earthsharing),research,https://www.progress.org/wiki/earthsharing-podcourse/,1,3,106,false,false,
ebcor,EBCOR,concepts,https://www.progress.org/wiki/ebcor/,2,7,1125,false,false,2026-07-10
ebenezer-howard,Ebenezer Howard,people,https://www.progress.org/wiki/ebenezer-howard/,5,5,577,false,false,
ecological-economics-daly,Ecological Economics and the Ecology of Economics: Essays in Criticism,books,https://www.progress.org/wiki/ecological-economics-daly/,6,1,1471,false,false,2026-07-07
ecological-georgism,Ecological Georgism,concepts,https://www.progress.org/wiki/ecological-georgism/,14,11,628,false,false,
ecological-rent,Narrative: Green Georgism — Charging for the Earth,narratives,https://www.progress.org/wiki/ecological-rent/,8,22,1725,false,false,2026-07-05
economic-rent,Economic Rent,concepts,https://www.progress.org/wiki/economic-rent/,119,14,1357,false,false,
economic-theory-in-retrospect,Economic Theory in Retrospect,books,https://www.progress.org/wiki/economic-theory-in-retrospect/,9,9,2700,false,false,
economics-of-henry-george,The Economics of Henry George: History's Rehabilitation of America's Greatest Early Economist,books,https://www.progress.org/wiki/economics-of-henry-george/,4,11,1783,false,false,2026-07-07
edward-glaeser,Edward L. Glaeser,people,https://www.progress.org/wiki/edward-glaeser/,3,7,1351,false,false,2026-07-04
eeckhout-profit-paradox,The Profit Paradox: How Thriving Firms Threaten the Future of Work,research,https://www.progress.org/wiki/eeckhout-profit-paradox/,2,10,2944,false,false,2026-07-09
elizabeth-magie,Elizabeth Magie,people,https://www.progress.org/wiki/elizabeth-magie/,2,4,207,true,false,2026-07-06
enclosure,Enclosure,concepts,https://www.progress.org/wiki/enclosure/,4,8,569,true,false,2026-07-09
england-zhao-lvt-distribution,Assessing the Distributive Impact of a Revenue-Neutral Shift from a Uniform Property Tax to a Two-Rate Property Tax with a Uniform Credit,research,https://www.progress.org/wiki/england-zhao-lvt-distribution/,3,5,2046,false,false,2026-07-05
era-seligman,Edwin R. A. Seligman,people,https://www.progress.org/wiki/era-seligman/,3,6,449,false,false,2026-07-06
eric-goldman,Eric F. Goldman,people,https://www.progress.org/wiki/eric-goldman/,3,5,613,false,false,
estonia,Estonia,places,https://www.progress.org/wiki/estonia/,14,4,405,false,false,
fairhope-single-tax-corporation,Fairhope Single Tax Corporation,organizations,https://www.progress.org/wiki/fairhope-single-tax-corporation/,4,11,1351,false,false,2026-07-10
fairlie-short-history-enclosure,A Short History of Enclosure in Britain,research,https://www.progress.org/wiki/fairlie-short-history-enclosure/,3,7,2579,false,false,2026-07-05
finance-growth-is-land-credit,The growth of modern banking is largely mortgage credit against land,problems,https://www.progress.org/wiki/finance-growth-is-land-credit/,4,10,721,false,false,
fiorentino-moogan-agglomeration,LVT and Urban Agglomeration Dynamics,research,https://www.progress.org/wiki/fiorentino-moogan-agglomeration/,4,3,144,false,false,
fire-sector,FIRE Sector,concepts,https://www.progress.org/wiki/fire-sector/,11,13,1228,false,false,2026-07-05
florenz-plassmann,Florenz Plassmann,people,https://www.progress.org/wiki/florenz-plassmann/,2,9,669,false,false,2026-07-05
floyd-marinescu,Floyd Marinescu,people,https://www.progress.org/wiki/floyd-marinescu/,2,5,168,true,false,
foldvary-business-cycle-synthesis,The Business Cycle: A Georgist-Austrian Synthesis,research,https://www.progress.org/wiki/foldvary-business-cycle-synthesis/,6,6,2425,false,false,2026-07-03
foldvary-kinetic-potential-rent,Kinetic Rent and Potential Rent (Foldvary),research,https://www.progress.org/wiki/foldvary-kinetic-potential-rent/,2,6,449,false,false,2026-07-06
foldvary-public-revenue,Public Goods and Private Communities: The Market Provision of Social Services,research,https://www.progress.org/wiki/foldvary-public-revenue/,2,10,1492,false,false,2026-07-10
franzsen-mccluskey-property-tax-africa,"Property Tax in Africa: Status, Challenges, and Prospects",research,https://www.progress.org/wiki/franzsen-mccluskey-property-tax-africa/,2,8,1362,false,false,2026-07-04
fred-foldvary,Fred Foldvary,people,https://www.progress.org/wiki/fred-foldvary/,17,10,238,false,false,
fred-harrison,Fred Harrison,people,https://www.progress.org/wiki/fred-harrison/,34,9,511,false,false,
from-wasteland-to-promised-land,From Wasteland to Promised Land: Liberation Theology for a Post-Marxist World,books,https://www.progress.org/wiki/from-wasteland-to-promised-land/,4,5,1540,false,false,2026-07-07
fuest-peichl-siegloch-incidence,"Fuest, Peichl & Siegloch (2018): Do Higher Corporate Taxes Reduce Wages?",research,https://www.progress.org/wiki/fuest-peichl-siegloch-incidence/,2,6,501,false,false,2026-07-06
furman-orszag-firm-rents,A Firm-Level Perspective on the Role of Rents in the Rise in Inequality,research,https://www.progress.org/wiki/furman-orszag-firm-rents/,4,10,3129,false,false,2026-07-10
gaffney-harrison-corruption-of-economics,The Corruption of Economics,books,https://www.progress.org/wiki/gaffney-harrison-corruption-of-economics/,16,10,1892,false,false,
gaffney-hidden-taxable-capacity,The Hidden Taxable Capacity of Land: Enough and to Spare,research,https://www.progress.org/wiki/gaffney-hidden-taxable-capacity/,12,7,393,false,false,
gaffney-neoclassical-stratagem,Neo-classical Economics as a Stratagem Against Henry George,research,https://www.progress.org/wiki/gaffney-neoclassical-stratagem/,10,10,303,false,false,
garden-cities-of-to-morrow,Garden Cities of To-morrow,books,https://www.progress.org/wiki/garden-cities-of-to-morrow/,7,5,1454,false,false,2026-07-07
garden-city-movement,The Garden City Movement,concepts,https://www.progress.org/wiki/garden-city-movement/,3,7,888,true,false,2026-07-09
gary-flomenhoft,Gary Flomenhoft,people,https://www.progress.org/wiki/gary-flomenhoft/,3,10,708,false,false,
gemmell-grimes-skidmore-nz,Do Local Property Taxes Affect New Building Development? Results from a Quasi-Natural Experiment in New Zealand,research,https://www.progress.org/wiki/gemmell-grimes-skidmore-nz/,7,6,1562,false,false,2026-07-03
geoism,Geoism,concepts,https://www.progress.org/wiki/geoism/,22,37,723,false,false,2026-07-06
geolibertarianism,Geolibertarianism,concepts,https://www.progress.org/wiki/geolibertarianism/,12,7,254,false,false,
george-monbiot,George Monbiot,people,https://www.progress.org/wiki/george-monbiot/,2,6,481,true,false,2026-07-06
georgism,Georgism,concepts,https://www.progress.org/wiki/georgism/,48,17,1771,false,false,
georgism-video-explainers,Georgism Video Explainers,research,https://www.progress.org/wiki/georgism-video-explainers/,2,5,218,false,false,
gibbons-machin-rail-access,Valuing Rail Access Using Transport Innovations,research,https://www.progress.org/wiki/gibbons-machin-rail-access/,3,7,1070,false,false,2026-07-10
glaeser-gyourko-housing-supply,The Economic Implications of Housing Supply,research,https://www.progress.org/wiki/glaeser-gyourko-housing-supply/,11,8,3868,false,false,2026-07-10
glaeser-real-estate-bubbles,A Nation of Gamblers: Real Estate Speculation and American History,research,https://www.progress.org/wiki/glaeser-real-estate-bubbles/,3,7,2050,false,false,2026-07-10
gochenour-caplan-search-theoretic,An Entrepreneurial Critique of Georgism (Gochenour & Caplan),research,https://www.progress.org/wiki/gochenour-caplan-search-theoretic/,1,6,2241,false,false,2026-07-10
goldsmith-alaska-pfd-wealth-distribution,The Alaska Permanent Fund Dividend: An Experiment in Wealth Distribution,research,https://www.progress.org/wiki/goldsmith-alaska-pfd-wealth-distribution/,6,8,1844,false,false,2026-07-10
goodhart-stimulus,Post-Corona Balanced-Budget Super-Stimulus: The Case for Shifting Taxes onto Land,research,https://www.progress.org/wiki/goodhart-stimulus/,7,4,192,false,false,
great-mortgaging,"The Great Mortgaging: Housing Finance, Crises, and Business Cycles",research,https://www.progress.org/wiki/great-mortgaging/,5,8,1524,false,false,2026-07-03
ground-rent,Ground Rent,concepts,https://www.progress.org/wiki/ground-rent/,11,17,1359,false,false,2026-07-07
guy-standing,Guy Standing,people,https://www.progress.org/wiki/guy-standing/,3,9,910,true,false,2026-07-10
gwartney-estimating-land-values,Estimating Land Values (Gwartney),research,https://www.progress.org/wiki/gwartney-estimating-land-values/,1,7,387,false,false,2026-07-06
gyourko-krimmel-zoning-tax,The Impact of Local Residential Land Use Restrictions on Land Values Across and Within Single Family Housing Markets,research,https://www.progress.org/wiki/gyourko-krimmel-zoning-tax/,1,7,593,false,false,2026-07-10
hamilton-benefit-tax,"Hamilton's Benefit View: Zoning, Property Taxation, and Local Tax-Price Capitalization",research,https://www.progress.org/wiki/hamilton-benefit-tax/,6,9,3548,false,false,2026-07-10
harberger-tax,Harberger Tax (COST),concepts,https://www.progress.org/wiki/harberger-tax/,10,6,241,false,false,
harrisburg-pennsylvania,"Harrisburg, Pennsylvania",places,https://www.progress.org/wiki/harrisburg-pennsylvania/,11,5,431,false,false,
harrison-boom-bust,"Boom Bust: House Prices, Banking and the Depression of 2010",books,https://www.progress.org/wiki/harrison-boom-bust/,12,11,1747,false,false,2026-07-05
harrison-power-in-the-land,"The Power in the Land: An Inquiry into Unemployment, the Profits Crisis and Land Speculation",books,https://www.progress.org/wiki/harrison-power-in-the-land/,11,11,1625,false,false,2026-07-05
harrison-ricardos-law,Ricardo's Law: House Prices and the Great Tax Clawback Scam,books,https://www.progress.org/wiki/harrison-ricardos-law/,3,10,1280,false,false,2026-07-05
hartwick-rule,Hartwick's Rule: Intergenerational Equity and the Investing of Rents from Exhaustible Resources,research,https://www.progress.org/wiki/hartwick-rule/,5,5,2190,false,false,2026-07-03
hebous-ruf-ace,"Hebous & Ruf (2017): ACE Systems, Multinational Debt Financing and Investment",research,https://www.progress.org/wiki/hebous-ruf-ace/,5,5,449,false,false,2026-07-06
henry-george,Henry George,people,https://www.progress.org/wiki/henry-george/,114,25,1260,false,false,
henry-george-foundation-canada,Henry George Foundation of Canada,organizations,https://www.progress.org/wiki/henry-george-foundation-canada/,3,8,644,true,false,2026-07-10
henry-george-foundation-uk,Henry George Foundation (UK),organizations,https://www.progress.org/wiki/henry-george-foundation-uk/,2,5,161,false,false,
henry-george-school,Henry George School of Social Science,organizations,https://www.progress.org/wiki/henry-george-school/,4,4,177,false,false,
henry-george-theorem,Henry George Theorem,concepts,https://www.progress.org/wiki/henry-george-theorem/,33,7,272,false,false,
herbert-spencer,Herbert Spencer,people,https://www.progress.org/wiki/herbert-spencer/,3,10,1398,false,false,2026-07-07
herkenhoff-ohanian-prescott-tarnishing,Tarnishing the Golden and Empire States: Land-Use Restrictions and the U.S. Economic Slowdown,research,https://www.progress.org/wiki/herkenhoff-ohanian-prescott-tarnishing/,3,5,2476,false,false,2026-07-10
herman-daly,Herman E. Daly,people,https://www.progress.org/wiki/herman-daly/,1,4,584,false,false,
high-land-rents-suppress-productivity,High land rents suppress productivity,problems,https://www.progress.org/wiki/high-land-rents-suppress-productivity/,17,8,405,false,false,
hilber-vermeulen-england-supply,The Impact of Supply Constraints on House Prices in England,research,https://www.progress.org/wiki/hilber-vermeulen-england-supply/,4,6,1259,false,false,2026-07-03
holdout-problem,Holdout Problem (Land Assembly),concepts,https://www.progress.org/wiki/holdout-problem/,3,11,1885,false,false,2026-07-10
homelessness-is-housing-cost-problem,Homelessness is a housing-cost problem,problems,https://www.progress.org/wiki/homelessness-is-housing-cost-problem/,4,8,1275,false,false,2026-07-10
homer-hoyt,Homer Hoyt,people,https://www.progress.org/wiki/homer-hoyt/,11,8,2297,false,false,2026-07-04
homevoters-will-block-lvt,Objection: Homevoters will never allow it,objections,https://www.progress.org/wiki/homevoters-will-block-lvt/,7,11,650,false,false,2026-07-06
hong-kong,Hong Kong,places,https://www.progress.org/wiki/hong-kong/,10,4,226,false,false,
housing-unaffordability-is-a-land-problem,"Housing unaffordability is a land problem, not a construction-cost problem",problems,https://www.progress.org/wiki/housing-unaffordability-is-a-land-problem/,1,16,1909,false,false,2026-07-10
how-the-indians-lost-their-land,How the Indians Lost Their Land: Law and Power on the Frontier,books,https://www.progress.org/wiki/how-the-indians-lost-their-land/,6,8,1586,false,false,2026-07-07
hoyt-chicago-land-values,One Hundred Years of Land Values in Chicago,research,https://www.progress.org/wiki/hoyt-chicago-land-values/,7,11,2794,false,false,2026-07-03
hsieh-moretti-spatial-misallocation,Housing Constraints and Spatial Misallocation,research,https://www.progress.org/wiki/hsieh-moretti-spatial-misallocation/,15,8,2089,false,false,2026-07-10
hudson-killing-the-host,Killing the Host: How Financial Parasites and Debt Bondage Destroy the Global Economy,research,https://www.progress.org/wiki/hudson-killing-the-host/,4,8,2474,false,false,2026-07-10
imf-building-tax-capacity,Building Tax Capacity for Growth and Development,research,https://www.progress.org/wiki/imf-building-tax-capacity/,2,7,1691,false,false,2026-07-10
imf-taxing-immovable-property,Taxing Immovable Property: Revenue Potential and Implementation Challenges,research,https://www.progress.org/wiki/imf-taxing-immovable-property/,8,3,191,false,false,
imputed-rent,Imputed Rent,concepts,https://www.progress.org/wiki/imputed-rent/,2,13,1949,false,false,2026-07-05
institute-for-fiscal-studies,Institute for Fiscal Studies,organizations,https://www.progress.org/wiki/institute-for-fiscal-studies/,4,9,663,false,false,2026-07-07
international-union-lvt,International Union for Land Value Taxation,organizations,https://www.progress.org/wiki/international-union-lvt/,4,5,186,false,false,
ip-rents,Intellectual-Property Rents,concepts,https://www.progress.org/wiki/ip-rents/,5,6,818,false,false,2026-07-06
irish-land-question-1881,"The Irish Land Question (Henry George, 1881)",texts,https://www.progress.org/wiki/irish-land-question-1881/,2,4,31835,false,false,2026-07-10
irish-land-war,The Irish Land War (1879–82),events,https://www.progress.org/wiki/irish-land-war/,4,11,2232,false,false,2026-07-10
james-meade,James Meade,people,https://www.progress.org/wiki/james-meade/,3,5,702,false,false,
jan-eeckhout,Jan Eeckhout,people,https://www.progress.org/wiki/jan-eeckhout/,1,8,1235,false,false,2026-07-05
jm-neeson,J.M. Neeson,people,https://www.progress.org/wiki/jm-neeson/,2,4,480,false,false,
johann-heinrich-von-thunen,Johann Heinrich von Thünen,people,https://www.progress.org/wiki/johann-heinrich-von-thunen/,1,7,306,false,false,2026-07-06
john-bates-clark,John Bates Clark,people,https://www.progress.org/wiki/john-bates-clark/,13,13,881,false,false,2026-07-05
john-locke,John Locke,people,https://www.progress.org/wiki/john-locke/,6,8,674,true,false,2026-07-06
john-stuart-mill,John Stuart Mill,people,https://www.progress.org/wiki/john-stuart-mill/,13,11,760,false,false,2026-07-07
johnson-1914-single-tax-critique,The Case Against the Single Tax (Johnson 1914) — and Foldvary's Rebuttal,research,https://www.progress.org/wiki/johnson-1914-single-tax-critique/,2,11,438,false,false,2026-07-06
johnson-v-mcintosh,Johnson v. M'Intosh (1823),events,https://www.progress.org/wiki/johnson-v-mcintosh/,4,5,836,true,false,2026-07-09
jones-marinescu-alaska-pfd,The Labor Market Impacts of Universal and Permanent Cash Transfers: Evidence from the Alaska Permanent Fund,research,https://www.progress.org/wiki/jones-marinescu-alaska-pfd/,8,5,1620,false,false,2026-07-03
joseph-fels,Joseph Fels,people,https://www.progress.org/wiki/joseph-fels/,4,8,383,false,false,2026-07-06
joseph-stiglitz,Joseph Stiglitz,people,https://www.progress.org/wiki/joseph-stiglitz/,14,9,501,false,false,
josh-ryan-collins,Josh Ryan-Collins,people,https://www.progress.org/wiki/josh-ryan-collins/,7,6,231,false,false,
jubilee,Jubilee,concepts,https://www.progress.org/wiki/jubilee/,2,7,773,true,false,2026-07-09
kanemoto-ohkawara-suzuki-optimal-city-size,Agglomeration Economies and a Test for Optimal City Sizes in Japan,research,https://www.progress.org/wiki/kanemoto-ohkawara-suzuki-optimal-city-size/,4,7,1841,false,false,2026-07-04
kaplow-market-power,Market Power and Income Taxation,research,https://www.progress.org/wiki/kaplow-market-power/,2,2,145,false,false,
karl-fitzgerald,Karl Fitzgerald,people,https://www.progress.org/wiki/karl-fitzgerald/,6,5,173,false,false,
karl-widerquist,Karl Widerquist,people,https://www.progress.org/wiki/karl-widerquist/,4,6,221,true,false,2026-07-05
knoll-schularick-steger-house-prices,"No Price Like Home: Global House Prices, 1870–2012",research,https://www.progress.org/wiki/knoll-schularick-steger-house-prices/,21,8,1631,false,false,2026-07-05
korinek-ng-digital-superstars,Digitization and the Macro-Economics of Superstars,research,https://www.progress.org/wiki/korinek-ng-digital-superstars/,2,11,2316,false,false,2026-07-09
kurz-li-vine-are-millennials-different,Are Millennials Different?,research,https://www.progress.org/wiki/kurz-li-vine-are-millennials-different/,1,4,347,false,false,2026-07-10
l-d-taylor,L.D. Taylor,people,https://www.progress.org/wiki/l-d-taylor/,4,7,1838,false,false,2026-07-10
la-cava-housing-capital-share,"Housing Prices, Mortgage Interest Rates and the Rising Share of Capital Income in the United States",research,https://www.progress.org/wiki/la-cava-housing-capital-share/,5,7,2174,false,false,2026-07-03
labour-land-campaign,Labour Land Campaign,organizations,https://www.progress.org/wiki/labour-land-campaign/,1,3,144,false,false,
land-a-new-paradigm,Land: A New Paradigm for a Thriving World,books,https://www.progress.org/wiki/land-a-new-paradigm/,5,9,1527,false,false,2026-07-07
land-and-the-black-white-wealth-gap,Land and the Black–white wealth gap — an honest intersection,narratives,https://www.progress.org/wiki/land-and-the-black-white-wealth-gap/,3,10,2822,false,false,2026-07-10
land-as-commons,Land as Commons,concepts,https://www.progress.org/wiki/land-as-commons/,18,25,2751,false,false,2026-07-11
land-bubble,Land Bubble,concepts,https://www.progress.org/wiki/land-bubble/,2,17,2478,false,false,2026-07-03
land-cannot-be-assessed,Objection: Land value can't be assessed accurately,objections,https://www.progress.org/wiki/land-cannot-be-assessed/,44,6,416,false,false,
land-capture-didnt-make-housing-cheap,Objection: Singapore and Hong Kong capture land value yet have costly housing,objections,https://www.progress.org/wiki/land-capture-didnt-make-housing-cheap/,10,3,286,false,false,
land-is-a-big-deal,"Land is a Big Deal: Why rent is too high, wages too low, and what we can do about it",books,https://www.progress.org/wiki/land-is-a-big-deal/,15,7,1924,false,false,
land-justice-and-indigenous-reconciliation,Land Justice and Indigenous Reconciliation — An Honest Intersection,narratives,https://www.progress.org/wiki/land-justice-and-indigenous-reconciliation/,3,15,2650,false,false,2026-07-10
land-matters-podcast,Land Matters Podcast (Lincoln Institute),research,https://www.progress.org/wiki/land-matters-podcast/,1,1,114,false,false,
land-monopoly,Land Monopoly,concepts,https://www.progress.org/wiki/land-monopoly/,29,13,1055,false,false,
land-rent-could-fund-government,Land rent could fund a large share of government,problems,https://www.progress.org/wiki/land-rent-could-fund-government/,26,16,873,false,false,
land-speculation,Land Speculation,concepts,https://www.progress.org/wiki/land-speculation/,21,12,1530,false,false,2026-07-10
land-speculation-causes-cycles,Narrative: Land Speculation Causes Boom and Bust,narratives,https://www.progress.org/wiki/land-speculation-causes-cycles/,28,29,4256,false,false,2026-07-10
land-tenure-reform-association,Land Tenure Reform Association,organizations,https://www.progress.org/wiki/land-tenure-reform-association/,5,11,651,false,false,2026-07-07
land-tenure-reform-programme-1871,"Programme of the Land Tenure Reform Association, with an Explanatory Statement (Mill, 1871)",texts,https://www.progress.org/wiki/land-tenure-reform-programme-1871/,3,4,3810,false,false,2026-07-09
land-value-capture,Land Value Capture,concepts,https://www.progress.org/wiki/land-value-capture/,29,13,606,false,false,
land-value-increment-tax,Land Value Increment Tax,concepts,https://www.progress.org/wiki/land-value-increment-tax/,5,12,2078,false,false,2026-07-09
land-value-tax,Land Value Tax,concepts,https://www.progress.org/wiki/land-value-tax/,173,26,2735,false,false,
land-value-tax-can-be-progressive,A land value tax can be progressive,benefits,https://www.progress.org/wiki/land-value-tax-can-be-progressive/,9,11,436,false,false,
landlords-cannot-pass-lvt-to-tenants,Landlords cannot pass a land value tax on to tenants,benefits,https://www.progress.org/wiki/landlords-cannot-pass-lvt-to-tenants/,29,14,1141,false,false,2026-07-05
lars-doucet,Lars Doucet,people,https://www.progress.org/wiki/lars-doucet/,10,8,319,false,false,
larson-us-land-value,New Estimates of Value of Land of the United States,research,https://www.progress.org/wiki/larson-us-land-value/,9,7,1629,false,false,2026-07-03
law-of-rent,Law of Rent,concepts,https://www.progress.org/wiki/law-of-rent/,10,12,1998,false,false,2026-07-15
leo-tolstoy,Leo Tolstoy,people,https://www.progress.org/wiki/leo-tolstoy/,5,5,607,false,false,
liberation-theology,Liberation Theology,concepts,https://www.progress.org/wiki/liberation-theology/,3,6,745,true,false,2026-07-09
life-of-henry-george,"The Life of Henry George (Henry George Jr., 1900)",books,https://www.progress.org/wiki/life-of-henry-george/,2,4,371,false,false,2026-07-10
limehouse-speech-1909,The Limehouse Speech (1909),texts,https://www.progress.org/wiki/limehouse-speech-1909/,3,6,5309,false,false,2026-07-07
lincoln-institute,Lincoln Institute of Land Policy,organizations,https://www.progress.org/wiki/lincoln-institute/,12,4,247,false,false,
loffler-siegloch-german-pass-through,"Löffler & Siegloch, \""Welfare Effects of Property Taxation\"" — German Rent Pass-Through Evidence",research,https://www.progress.org/wiki/loffler-siegloch-german-pass-through/,7,7,2767,false,false,2026-07-05
louis-f-post,Louis F. Post,people,https://www.progress.org/wiki/louis-f-post/,2,7,705,false,false,2026-07-07
lvt-austrian-critique,Objection: the Austrian critique of LVT,objections,https://www.progress.org/wiki/lvt-austrian-critique/,12,9,335,false,false,
lvt-can-replace-capital-taxes-without-efficiency-loss,LVT can replace capital taxes without efficiency loss,benefits,https://www.progress.org/wiki/lvt-can-replace-capital-taxes-without-efficiency-loss/,13,10,419,false,false,
lvt-dampens-land-speculation,Land value taxation dampens land speculation,benefits,https://www.progress.org/wiki/lvt-dampens-land-speculation/,25,18,919,false,false,2026-07-04
lvt-hurts-asset-rich-cash-poor,"Objection: LVT hurts the 'asset-rich, cash-poor'",objections,https://www.progress.org/wiki/lvt-hurts-asset-rich-cash-poor/,12,3,291,false,false,
lvt-hurts-farmers,Objection: LVT would hurt farmers and rural landowners,objections,https://www.progress.org/wiki/lvt-hurts-farmers/,5,4,285,false,false,
lvt-improves-housing-affordability,Land value taxation can improve housing affordability,benefits,https://www.progress.org/wiki/lvt-improves-housing-affordability/,14,19,1487,false,false,2026-07-10
lvt-is-just-a-property-tax,Objection: LVT is just a property tax with extra steps,objections,https://www.progress.org/wiki/lvt-is-just-a-property-tax/,9,5,271,false,false,
lvt-not-enough-revenue,Objection: LVT can't raise enough revenue,objections,https://www.progress.org/wiki/lvt-not-enough-revenue/,11,7,691,false,false,2026-07-06
lvt-not-widely-adopted,"Objection: if LVT is so good, why has almost no one adopted it?",objections,https://www.progress.org/wiki/lvt-not-widely-adopted/,2,17,995,false,false,2026-07-07
lvt-reduces-sprawl,Land value taxation reduces urban sprawl,benefits,https://www.progress.org/wiki/lvt-reduces-sprawl/,6,15,1393,false,false,2026-07-05
lvt-research-priorities-2025,Advancing Land Value Taxation: Research Priorities for 2025 and Beyond,research,https://www.progress.org/wiki/lvt-research-priorities-2025/,3,4,153,false,false,
lvt-transition-wealth-shock,Objection: LVT inflicts a one-time wealth shock on current owners,objections,https://www.progress.org/wiki/lvt-transition-wealth-shock/,14,5,293,false,false,
margin-of-production,Margin of Production,concepts,https://www.progress.org/wiki/margin-of-production/,7,12,736,false,false,2026-07-05
marginal-productivity,Marginal Productivity,concepts,https://www.progress.org/wiki/marginal-productivity/,4,13,2294,false,false,
mariana-mazzucato,Mariana Mazzucato,people,https://www.progress.org/wiki/mariana-mazzucato/,7,4,216,false,false,
martin-adams,Martin Adams,people,https://www.progress.org/wiki/martin-adams/,3,6,339,true,false,2026-07-10
martinez-colombia-resource-rents,"Natural Resource Rents, Local Taxes, and Government Performance: Colombia",research,https://www.progress.org/wiki/martinez-colombia-resource-rents/,8,4,162,false,false,
mason-gaffney,Mason Gaffney,people,https://www.progress.org/wiki/mason-gaffney/,23,7,419,false,false,
mass-appraisal-methods,Mass Appraisal Methods,concepts,https://www.progress.org/wiki/mass-appraisal-methods/,8,17,1838,false,false,2026-07-10
matthew-rognlie,Matthew Rognlie,people,https://www.progress.org/wiki/matthew-rognlie/,3,11,964,false,false,2026-07-04
mazzucato-mapping-rents,Mapping Modern Economic Rents,research,https://www.progress.org/wiki/mazzucato-mapping-rents/,15,8,297,false,false,
mazzucato-value-of-everything,The Value of Everything: Making and Taking in the Global Economy,research,https://www.progress.org/wiki/mazzucato-value-of-everything/,4,5,3118,false,false,2026-07-09
meade-report,The Meade Report (1978): The Structure and Reform of Direct Taxation,research,https://www.progress.org/wiki/meade-report/,4,7,564,false,false,
michael-davitt,Michael Davitt,people,https://www.progress.org/wiki/michael-davitt/,4,8,1061,false,false,2026-07-05
michael-hudson,Michael Hudson,people,https://www.progress.org/wiki/michael-hudson/,11,6,264,false,false,
mieszkowski-property-tax-incidence,The Property Tax: An Excise Tax or a Profits Tax?,research,https://www.progress.org/wiki/mieszkowski-property-tax-incidence/,10,7,2203,false,false,2026-07-03
mill-principles-land,Mill's Principles of Political Economy: The Land-Taxation Chapters,research,https://www.progress.org/wiki/mill-principles-land/,3,12,2889,false,false,2026-07-03
milton-friedman,Milton Friedman,people,https://www.progress.org/wiki/milton-friedman/,3,2,279,false,false,
mirrlees-review,The Mirrlees Review: Tax by Design,research,https://www.progress.org/wiki/mirrlees-review/,21,13,1781,false,false,2026-07-03
missemer-pottier-land-labor-capital,"Revisiting Land, Labor, and Capital in Neoclassical Economics",research,https://www.progress.org/wiki/missemer-pottier-land-labor-capital/,4,8,1872,false,false,2026-07-10
modern-georgism-respected-economists,The Modern Georgism of Respected Economists,research,https://www.progress.org/wiki/modern-georgism-respected-economists/,8,7,202,false,false,
mohammad-rail-meta-analysis,A Meta-Analysis of the Impact of Rail Projects on Land and Property Values,research,https://www.progress.org/wiki/mohammad-rail-meta-analysis/,3,5,1656,false,false,2026-07-03
moritz-schularick,Moritz Schularick,people,https://www.progress.org/wiki/moritz-schularick/,2,8,1398,false,false,2026-07-10
moses,Moses (1878),texts,https://www.progress.org/wiki/moses/,5,7,6670,false,false,2026-07-06
murphy-seegert-implicit-land-taxes,Implicit Land Taxes and Their Effect on the Real Economy,research,https://www.progress.org/wiki/murphy-seegert-implicit-land-taxes/,2,1,162,false,false,
murphy-shleifer-vishny-allocation-talent,The Allocation of Talent: Implications for Growth,research,https://www.progress.org/wiki/murphy-shleifer-vishny-allocation-talent/,4,6,556,false,false,2026-07-10
murphy-shleifer-vishny-rent-seeking-growth,Why Is Rent-Seeking So Costly to Growth?,research,https://www.progress.org/wiki/murphy-shleifer-vishny-rent-seeking-growth/,4,6,523,false,false,2026-07-10
murray-rothbard,Murray Rothbard,people,https://www.progress.org/wiki/murray-rothbard/,2,5,1878,false,false,2026-07-05
natural-common-wealth-economic-rent-canada,Natural Common Wealth and Economic Rent in Canada,research,https://www.progress.org/wiki/natural-common-wealth-economic-rent-canada/,11,14,2709,false,false,2026-07-09
new-south-wales,"New South Wales, Australia",places,https://www.progress.org/wiki/new-south-wales/,8,2,215,false,false,
new-zealand,New Zealand,places,https://www.progress.org/wiki/new-zealand/,3,12,2128,false,false,2026-07-09
nicolaus-tideman,Nicolaus Tideman,people,https://www.progress.org/wiki/nicolaus-tideman/,10,6,275,false,false,
noah-smith-on-georgism,Noah Smith on Georgism,research,https://www.progress.org/wiki/noah-smith-on-georgism/,1,1,160,false,false,
norway,Norway,places,https://www.progress.org/wiki/norway/,3,8,1015,false,false,2026-07-05
now-the-synthesis,"Now the Synthesis: Capitalism, Socialism and the New Social Contract",books,https://www.progress.org/wiki/now-the-synthesis/,5,10,2330,false,false,2026-07-10
oates-1969-capitalization,The Effects of Property Taxes and Local Public Spending on Property Values,research,https://www.progress.org/wiki/oates-1969-capitalization/,13,8,1716,false,false,2026-07-03
oates-schwab-pittsburgh,The Impact of Urban Land Taxation: The Pittsburgh Experience,research,https://www.progress.org/wiki/oates-schwab-pittsburgh/,20,2,336,false,false,
oecd-taxation-economic-growth,Taxation and Economic Growth (OECD Working Paper 620),research,https://www.progress.org/wiki/oecd-taxation-economic-growth/,4,8,2207,false,false,2026-07-10
oecd-under-pressure-middle-class,Under Pressure: The Squeezed Middle Class,research,https://www.progress.org/wiki/oecd-under-pressure-middle-class/,2,5,356,false,false,2026-07-10
open-letter-to-gorbachev,Open Letter to Gorbachev (1990),events,https://www.progress.org/wiki/open-letter-to-gorbachev/,3,5,193,true,false,2026-07-06
open-letter-to-pope-leo-xiii,The Condition of Labour: An Open Letter to Pope Leo XIII,texts,https://www.progress.org/wiki/open-letter-to-pope-leo-xiii/,2,0,1590,false,false,2026-07-06
optimal-city-size,Optimal City Size,concepts,https://www.progress.org/wiki/optimal-city-size/,5,9,1389,false,false,2026-07-05
oxford-review-george-2025,"Henry George, Land Speculation, and Economic Growth (Oxford Review, 2025)",research,https://www.progress.org/wiki/oxford-review-george-2025/,2,5,148,false,false,
palmon-smith-capitalization,New Evidence on Property Tax Capitalization,research,https://www.progress.org/wiki/palmon-smith-capitalization/,3,6,1962,false,false,2026-07-03
patel-secret-wealth-advantage,The Secret Wealth Advantage,books,https://www.progress.org/wiki/patel-secret-wealth-advantage/,2,8,830,false,false,2026-07-05
pennsylvania,Pennsylvania,places,https://www.progress.org/wiki/pennsylvania/,6,6,194,false,false,
peoples-budget-1909,The People's Budget 1909/10: Lloyd George and Liberal Fiscal Policy,books,https://www.progress.org/wiki/peoples-budget-1909/,3,5,1322,false,false,2026-07-07
peoples-budget-speech-1909,The People's Budget: Speech Introducing the Finance Bill (1909),texts,https://www.progress.org/wiki/peoples-budget-speech-1909/,2,0,1627,false,false,2026-07-06
pete-daniel,Pete Daniel,people,https://www.progress.org/wiki/pete-daniel/,1,4,512,false,false,
peter-barnes,Peter Barnes,people,https://www.progress.org/wiki/peter-barnes/,4,4,487,false,false,
peter-mieszkowski,Peter Mieszkowski,people,https://www.progress.org/wiki/peter-mieszkowski/,1,6,938,false,false,2026-07-05
philip-wicksteed,Philip Wicksteed,people,https://www.progress.org/wiki/philip-wicksteed/,3,6,217,true,false,2026-07-06
philippon-finance-efficiency,Philippon (2015): Has the US Finance Industry Become Less Efficient?,research,https://www.progress.org/wiki/philippon-finance-efficiency/,3,6,539,false,false,
philippon-great-reversal,The Great Reversal: How America Gave Up on Free Markets,research,https://www.progress.org/wiki/philippon-great-reversal/,3,6,3037,false,false,2026-07-10
phillip-bryson,Phillip J. Bryson,people,https://www.progress.org/wiki/phillip-bryson/,4,5,723,false,false,
phillip-j-anderson,Phillip J. Anderson,people,https://www.progress.org/wiki/phillip-j-anderson/,3,9,1440,false,false,2026-07-06
physiocrats,The Physiocrats,concepts,https://www.progress.org/wiki/physiocrats/,3,7,870,true,false,2026-07-09
pigouvian-taxation,Pigouvian Taxation,concepts,https://www.progress.org/wiki/pigouvian-taxation/,5,13,1654,false,false,2026-07-03
piketty-capital-21st-century,Capital in the Twenty-First Century,research,https://www.progress.org/wiki/piketty-capital-21st-century/,4,9,2647,false,false,2026-07-04
pittsburgh,"Pittsburgh, Pennsylvania",places,https://www.progress.org/wiki/pittsburgh/,8,5,216,false,false,
plassmann-tideman-construction,A Markov Chain Monte Carlo Analysis of the Effect of Two-Rate Property Taxes on Construction,research,https://www.progress.org/wiki/plassmann-tideman-construction/,17,3,236,false,false,
plummer-lvt-distribution,Evidence on the Distributional Effects of a Land Value Tax on Residential Households,research,https://www.progress.org/wiki/plummer-lvt-distribution/,4,10,2287,false,false,2026-07-10
posner-weyl-radical-markets,Radical Markets: Uprooting Capitalism and Democracy for a Just Society,books,https://www.progress.org/wiki/posner-weyl-radical-markets/,8,7,2466,false,false,
power-frerick-excess-returns,Power & Frerick (2016): Have Excess Returns to Corporations Been Increasing Over Time?,research,https://www.progress.org/wiki/power-frerick-excess-returns/,4,7,534,false,false,2026-07-06
problems,The Problems: what geoists claim is wrong with the world,concepts,https://www.progress.org/wiki/problems/,6,17,642,false,false,
production-boundary,Production Boundary,concepts,https://www.progress.org/wiki/production-boundary/,4,12,2087,false,false,2026-07-05
progress-18-6-year-cycle,The 18-Year Pattern Predicting 2027's Market Crash,research,https://www.progress.org/wiki/progress-18-6-year-cycle/,9,11,2927,false,false,2026-07-05
progress-and-poverty,Progress and Poverty,research,https://www.progress.org/wiki/progress-and-poverty/,51,9,593,false,false,
progress-and-poverty-institute,Progress and Poverty Institute,organizations,https://www.progress.org/wiki/progress-and-poverty-institute/,1,7,371,false,false,2026-07-06
property-tax-raises-welfare-developing,Higher property-tax rates raise welfare in developing countries,benefits,https://www.progress.org/wiki/property-tax-raises-welfare-developing/,9,7,295,false,false,
proposition-13,Proposition 13,events,https://www.progress.org/wiki/proposition-13/,3,6,1243,false,false,2026-07-05
prosper-australia,Prosper Australia,organizations,https://www.progress.org/wiki/prosper-australia/,13,5,207,false,false,
prosper-speculative-vacancies,Speculative Vacancies 11: Empty Homes in Melbourne,research,https://www.progress.org/wiki/prosper-speculative-vacancies/,2,6,546,false,false,2026-07-10
protection-or-free-trade,Protection or Free Trade,research,https://www.progress.org/wiki/protection-or-free-trade/,2,4,226,false,false,
public-goods-fundable-from-land-rent,Public goods can be funded from the land rent they create,problems,https://www.progress.org/wiki/public-goods-fundable-from-land-rent/,11,9,342,false,false,
public-investment-capitalizes-into-land,Public investment capitalizes into nearby land values,problems,https://www.progress.org/wiki/public-investment-capitalizes-into-land/,18,10,370,false,false,
public-land-leasing,Public Land Leasing,concepts,https://www.progress.org/wiki/public-land-leasing/,8,8,844,false,false,2026-07-05
public-revenue-without-taxation,Public Revenue Without Taxation,books,https://www.progress.org/wiki/public-revenue-without-taxation/,7,6,1692,false,false,2026-07-07
quasi-rent,Quasi-Rent,concepts,https://www.progress.org/wiki/quasi-rent/,17,14,903,false,false,2026-07-06
radical-markets,Radical Markets,concepts,https://www.progress.org/wiki/radical-markets/,3,17,2035,false,false,2026-07-10
ralston-nolan-bill,The Ralston–Nolan Bill (1919–1924),events,https://www.progress.org/wiki/ralston-nolan-bill/,2,4,185,true,false,2026-07-06
real-estate-4-ransom,Real Estate 4 Ransom (2012 documentary),research,https://www.progress.org/wiki/real-estate-4-ransom/,5,9,333,false,false,2026-07-06
rendezvous-with-destiny,Rendezvous with Destiny: A History of Modern American Reform,books,https://www.progress.org/wiki/rendezvous-with-destiny/,4,7,1501,false,false,2026-07-07
renegade-economists-podcast,Renegade Economists Podcast,research,https://www.progress.org/wiki/renegade-economists-podcast/,2,3,125,false,false,
rent-dividends-reduce-poverty,Rent dividends reduce poverty and inequality,benefits,https://www.progress.org/wiki/rent-dividends-reduce-poverty/,4,9,1546,false,false,2026-07-10
rent-seeking,Rent-Seeking,concepts,https://www.progress.org/wiki/rent-seeking/,30,9,250,false,false,
rent-seeking-drags-growth,Rent-seeking drags economic growth,problems,https://www.progress.org/wiki/rent-seeking-drags-growth/,8,17,1149,false,false,2026-07-10
rent-targeting-taxes-reduce-debt-bias,Rent-targeting corporate taxes reduce debt bias without penalizing marginal investment,benefits,https://www.progress.org/wiki/rent-targeting-taxes-reduce-debt-bias/,5,15,1045,false,false,2026-07-06
rentier,Rentier,concepts,https://www.progress.org/wiki/rentier/,8,29,1812,false,false,2026-07-10
repeal-of-the-corn-laws,Repeal of the Corn Laws (1846),events,https://www.progress.org/wiki/repeal-of-the-corn-laws/,1,5,292,true,false,2026-07-06
resource-rent-capture-works,Capturing resource rent works — where institutions are strong,benefits,https://www.progress.org/wiki/resource-rent-capture-works/,4,6,746,false,false,
resource-rent-dividends-work,Resource-rent dividends are workable and durable,benefits,https://www.progress.org/wiki/resource-rent-dividends-work/,23,13,881,false,false,
resource-rents,Resource Rents,concepts,https://www.progress.org/wiki/resource-rents/,36,10,666,false,false,
rethinking-economics-land-housing,Rethinking the Economics of Land and Housing,books,https://www.progress.org/wiki/rethinking-economics-land-housing/,3,5,2810,false,false,
rhee-rawlsian-lvt,Fairness of Land Value Taxation: A Rawlsian Derivation,research,https://www.progress.org/wiki/rhee-rawlsian-lvt/,1,3,146,false,false,
richard-arnott,Richard Arnott,people,https://www.progress.org/wiki/richard-arnott/,3,11,1374,false,false,2026-07-10
richard-noyes,Richard Noyes,people,https://www.progress.org/wiki/richard-noyes/,1,5,515,false,false,
richard-t-ely,Richard T. Ely,people,https://www.progress.org/wiki/richard-t-ely/,6,11,1204,false,false,2026-07-10
richards-taxes-and-rents,Taxes and Rents: The Power of Tax Policy to Shape Pre-Tax Income,research,https://www.progress.org/wiki/richards-taxes-and-rents/,1,3,151,false,false,
rising-land-costs-drive-poverty,Rising land values and housing costs drive poverty,problems,https://www.progress.org/wiki/rising-land-costs-drive-poverty/,4,14,1789,false,false,2026-07-10
robert-v-andelson,Robert V. Andelson,people,https://www.progress.org/wiki/robert-v-andelson/,5,9,610,false,false,
rochet-tirole-two-sided,Platform Competition in Two-Sided Markets,research,https://www.progress.org/wiki/rochet-tirole-two-sided/,2,6,1226,false,false,2026-07-04
rognlie-capital-share,Deciphering the Fall and Rise in the Net Capital Share,research,https://www.progress.org/wiki/rognlie-capital-share/,33,5,283,false,false,
rognlie-piketty-note,A Note on Piketty and Diminishing Returns to Capital,research,https://www.progress.org/wiki/rognlie-piketty-note/,4,2,200,false,false,
ronald-burgess,Ronald Burgess,people,https://www.progress.org/wiki/ronald-burgess/,3,7,519,false,false,
rothbard-single-tax,"Rothbard, \""The Single Tax: Economic and Moral Implications\""",research,https://www.progress.org/wiki/rothbard-single-tax/,4,5,2106,false,false,2026-07-03
rothschild-scheuer-rent-seeking,Optimal Taxation with Rent-Seeking,research,https://www.progress.org/wiki/rothschild-scheuer-rent-seeking/,5,1,157,false,false,
ryan-collins-rethinking-land-housing,Rethinking the Economics of Land and Housing,research,https://www.progress.org/wiki/ryan-collins-rethinking-land-housing/,9,14,1500,false,false,2026-07-10
saiz-housing-supply-elasticity,The Geographic Determinants of Housing Supply,research,https://www.progress.org/wiki/saiz-housing-supply-elasticity/,8,7,1848,false,false,2026-07-03
saratoga-single-tax-debate,The Saratoga Single Tax Debate (1890),events,https://www.progress.org/wiki/saratoga-single-tax-debate/,2,6,246,false,false,2026-07-06
schalkenbach-foundation,Robert Schalkenbach Foundation,organizations,https://www.progress.org/wiki/schalkenbach-foundation/,14,4,218,false,false,
school-of-cooperative-individualism,School of Cooperative Individualism,organizations,https://www.progress.org/wiki/school-of-cooperative-individualism/,1,4,153,false,false,
schwegman-yinger-homestead,The Shifting of the Property Tax on Urban Renters: Evidence from New York State's Homestead Tax Option,research,https://www.progress.org/wiki/schwegman-yinger-homestead/,3,5,327,false,false,2026-07-05
schwerhoff-imf-equity-efficiency,Equity and Efficiency Effects of Land Value Taxation,research,https://www.progress.org/wiki/schwerhoff-imf-equity-efficiency/,6,3,188,false,false,
schwerhoff-taxation-economic-rents,Taxation of Economic Rents,research,https://www.progress.org/wiki/schwerhoff-taxation-economic-rents/,4,15,1519,false,false,
science-of-political-economy,The Science of Political Economy,research,https://www.progress.org/wiki/science-of-political-economy/,1,5,207,false,false,
search-theoretic-critique,Objection: The Search-Theoretic Critique of Georgism,objections,https://www.progress.org/wiki/search-theoretic-critique/,5,9,819,false,false,2026-07-06
segal-resource-dividend,"Resource Rents, Redistribution, and Halving Global Poverty: The Resource Dividend",research,https://www.progress.org/wiki/segal-resource-dividend/,5,8,1930,false,false,2026-07-09
segu-vacancy-tax-france,The Impact of Taxing Vacancy on Housing Markets: Evidence from France,research,https://www.progress.org/wiki/segu-vacancy-tax-france/,3,6,484,false,false,2026-07-10
singapore,Singapore,places,https://www.progress.org/wiki/singapore/,10,4,233,false,false,
single-tax,Single Tax,concepts,https://www.progress.org/wiki/single-tax/,61,14,1295,false,false,
single-tax-colonies,The Single-Tax Colonies (Fairhope & Arden),events,https://www.progress.org/wiki/single-tax-colonies/,7,6,266,false,false,
single-tax-narrative,Narrative: The Single Tax,narratives,https://www.progress.org/wiki/single-tax-narrative/,13,49,2537,false,false,2026-07-05
site-value,Site Value,concepts,https://www.progress.org/wiki/site-value/,4,12,793,false,false,
social-problems,Social Problems,research,https://www.progress.org/wiki/social-problems/,5,8,1568,false,false,2026-07-03
social-statics-right-to-use-earth,"The Right to the Use of the Earth (Spencer, 1851)",texts,https://www.progress.org/wiki/social-statics-right-to-use-earth/,3,6,5397,false,false,2026-07-07
soil-to-servers-digital-rents,From Soil to Servers: Persistent Neglect of Land Resources and Digital-Age Rents,research,https://www.progress.org/wiki/soil-to-servers-digital-rents/,2,3,167,false,false,
song-zenou-property-tax-sprawl,Property Tax and Urban Sprawl: Theory and Implications for US Cities,research,https://www.progress.org/wiki/song-zenou-property-tax-sprawl/,4,5,420,false,false,2026-07-05
sovereign-wealth-fund,Sovereign Wealth Fund,concepts,https://www.progress.org/wiki/sovereign-wealth-fund/,10,11,2403,false,false,2026-07-05
spatial-misallocation,Spatial Misallocation,concepts,https://www.progress.org/wiki/spatial-misallocation/,3,10,1405,false,false,2026-07-05
spectrum-auctions,Spectrum Auctions,concepts,https://www.progress.org/wiki/spectrum-auctions/,4,6,835,false,false,2026-07-06
speculative-vacancy,Speculative Vacancy,concepts,https://www.progress.org/wiki/speculative-vacancy/,26,12,961,false,false,2026-07-06
speculative-vacancy-wastes-cities,Land underuse and speculative vacancy persist in high-demand cities,problems,https://www.progress.org/wiki/speculative-vacancy-wastes-cities/,6,16,1064,false,false,2026-07-10
split-rate-increases-construction,Split-rate taxation increases urban construction,benefits,https://www.progress.org/wiki/split-rate-increases-construction/,24,15,2012,false,false,2026-07-10
split-rate-taxation,Split-Rate Taxation,concepts,https://www.progress.org/wiki/split-rate-taxation/,19,9,260,false,false,
stiglitz-theory-local-public-goods,The Theory of Local Public Goods,research,https://www.progress.org/wiki/stiglitz-theory-local-public-goods/,9,6,227,false,false,
stuart-banner,Stuart Banner,people,https://www.progress.org/wiki/stuart-banner/,1,3,549,false,false,
sun-yat-sen,Sun Yat-sen,people,https://www.progress.org/wiki/sun-yat-sen/,6,7,265,false,false,
superstar-firms,Superstar Firms,concepts,https://www.progress.org/wiki/superstar-firms/,21,16,749,false,false,2026-07-05
taiwan,Taiwan,places,https://www.progress.org/wiki/taiwan/,11,5,209,false,false,
taiwan-land-reform-1950s,Taiwan Land Reform (1950s),events,https://www.progress.org/wiki/taiwan-land-reform-1950s/,2,8,1610,false,false,2026-07-11
taranu-verbeeck-property-tax-sprawl,Property Tax as a Policy Against Urban Sprawl,research,https://www.progress.org/wiki/taranu-verbeeck-property-tax-sprawl/,1,6,319,false,false,2026-07-05
tax-capitalization,Tax Capitalization,concepts,https://www.progress.org/wiki/tax-capitalization/,29,11,639,false,false,2026-07-06
tax-land-not-labor,"Narrative: Tax Land, Not Labor",narratives,https://www.progress.org/wiki/tax-land-not-labor/,8,45,3046,false,false,2026-07-03
taxing-land-raises-productivity,Taxing land and rents increases productivity,benefits,https://www.progress.org/wiki/taxing-land-raises-productivity/,4,20,2148,false,false,2026-07-10
taxing-quasi-rents-kills-innovation,Objection: Taxing Quasi-Rents Kills Innovation,objections,https://www.progress.org/wiki/taxing-quasi-rents-kills-innovation/,12,17,1698,false,false,2026-07-06
the-corruption-of-economics,Narrative: The Corruption of Economics,narratives,https://www.progress.org/wiki/the-corruption-of-economics/,19,19,1743,false,false,2026-07-05
the-great-land-robbery,Narrative: The Great Land Robbery,narratives,https://www.progress.org/wiki/the-great-land-robbery/,7,23,2480,false,false,2026-07-05
the-housing-crisis-is-a-land-crisis,Narrative: The Housing Crisis Is a Land Crisis,narratives,https://www.progress.org/wiki/the-housing-crisis-is-a-land-crisis/,13,42,1638,false,false,2026-07-05
the-land-question,The Land Question,research,https://www.progress.org/wiki/the-land-question/,7,15,1681,false,false,2026-07-10
the-rentier-economy,Narrative: The Rentier Economy,narratives,https://www.progress.org/wiki/the-rentier-economy/,26,31,2468,false,false,2026-07-03
the-tax-you-cant-dodge,Narrative: The Tax You Can't Dodge,narratives,https://www.progress.org/wiki/the-tax-you-cant-dodge/,3,17,2442,false,false,2026-07-03
thomas-paine,Thomas Paine,people,https://www.progress.org/wiki/thomas-paine/,4,7,541,true,false,2026-07-06
thomas-piketty,Thomas Piketty,people,https://www.progress.org/wiki/thomas-piketty/,4,14,2027,false,false,2026-07-09
thy-kingdom-come,Thy Kingdom Come (1889),texts,https://www.progress.org/wiki/thy-kingdom-come/,4,6,5565,false,false,2026-07-07
tideman-plassmann-land-assembly,Providing Incentives for Efficient Land Assembly,research,https://www.progress.org/wiki/tideman-plassmann-land-assembly/,3,3,141,false,false,
tideman-plassmann-losses-of-nations,Taxation and the Losses of Nations (Tideman & Plassmann),research,https://www.progress.org/wiki/tideman-plassmann-losses-of-nations/,3,6,186,true,false,2026-07-06
tiebout-model,Tiebout Model,concepts,https://www.progress.org/wiki/tiebout-model/,1,12,1331,false,false,2026-07-03
tolstoy-principles-redfearn,Tolstoy: Principles for a New World Order,books,https://www.progress.org/wiki/tolstoy-principles-redfearn/,3,9,1467,false,false,2026-07-07
tom-l-johnson,Tom L. Johnson,people,https://www.progress.org/wiki/tom-l-johnson/,4,5,210,false,false,
tomson-estonia-lvt,Sustainable Urban Development and Land Value Taxation: The Case of Estonia,research,https://www.progress.org/wiki/tomson-estonia-lvt/,9,2,152,false,false,
total-resource-rents-australia,Total Resource Rents of Australia (Fitzgerald / Prosper Australia),research,https://www.progress.org/wiki/total-resource-rents-australia/,7,14,2372,false,false,2026-07-09
town-and-country-planning-act-1947,Town and Country Planning Act 1947,events,https://www.progress.org/wiki/town-and-country-planning-act-1947/,3,6,305,true,false,2026-07-06
transitional-gains-trap,Transitional Gains Trap,concepts,https://www.progress.org/wiki/transitional-gains-trap/,4,6,1188,false,false,2026-07-05
tsoodle-turner-rents,Property Taxes and Residential Rents,research,https://www.progress.org/wiki/tsoodle-turner-rents/,3,6,476,false,false,2026-07-05
ubi-works,UBI Works,organizations,https://www.progress.org/wiki/ubi-works/,3,4,668,true,false,2026-07-10
unearned-increment,Unearned Increment,concepts,https://www.progress.org/wiki/unearned-increment/,45,11,992,false,false,
unearned-increment-narrative,Narrative: The Unearned Increment,narratives,https://www.progress.org/wiki/unearned-increment-narrative/,18,40,1899,false,false,2026-07-03
valuing-common-assets-vermont,Valuing Common Assets for Public Finance in Vermont,research,https://www.progress.org/wiki/valuing-common-assets-vermont/,6,19,2110,false,false,2026-07-10
vancouver,Vancouver,places,https://www.progress.org/wiki/vancouver/,5,8,2118,false,false,2026-07-10
wallace-oates,Wallace E. Oates,people,https://www.progress.org/wiki/wallace-oates/,3,11,1113,false,false,2026-07-04
widerquist-howard-pfd,Alaska's Permanent Fund Dividend: Examining Its Suitability as a Model,research,https://www.progress.org/wiki/widerquist-howard-pfd/,8,8,2065,false,false,2026-07-03
william-vickrey,William Vickrey,people,https://www.progress.org/wiki/william-vickrey/,8,11,450,false,false,2026-07-06
winston-churchill,Winston Churchill,people,https://www.progress.org/wiki/winston-churchill/,9,12,1637,false,false,2026-07-05
with-liberty-and-dividends-for-all,With Liberty and Dividends for All: How to Save Our Middle Class When Jobs Don't Pay Enough,books,https://www.progress.org/wiki/with-liberty-and-dividends-for-all/,7,5,1690,false,false,2026-07-07
world-bank-changing-wealth,The Changing Wealth of Nations 2021: Managing Assets for the Future,research,https://www.progress.org/wiki/world-bank-changing-wealth/,1,7,2164,false,false,2026-07-03
world-bank-property-tax-determinants,Determinants of Property Tax Revenue: Lessons from Empirical Analysis,research,https://www.progress.org/wiki/world-bank-property-tax-determinants/,8,3,163,false,false,
yang-split-rate-tax-base,Effects of Split-Rate Taxation on Tax Base,research,https://www.progress.org/wiki/yang-split-rate-tax-base/,1,6,1335,false,false,2026-07-03
young-locked-out-of-land-wealth,The young are increasingly locked out of land wealth,problems,https://www.progress.org/wiki/young-locked-out-of-land-wealth/,6,12,1098,false,false,2026-07-10
zingales-political-theory-firm,Towards a Political Theory of the Firm,research,https://www.progress.org/wiki/zingales-political-theory-firm/,1,6,1963,false,false,2026-07-04
zodrow-three-views,The Property Tax as a Capital Tax: A Room with Three Views,research,https://www.progress.org/wiki/zodrow-three-views/,10,8,2854,false,false,2026-07-10
zwick-mahon-expensing,Zwick & Mahon (2017): Tax Policy and Heterogeneous Investment Behavior,research,https://www.progress.org/wiki/zwick-mahon-expensing/,2,5,436,false,false,2026-07-06
